run,idx,name,opt,model_anneal,gap_pct
cvrp_full_mh_100-0-0-0,0,X-n101-k25,27.982758620689655,28.44799041748047,1.66256588
cvrp_full_mh_100-0-0-0,1,X-n106-k14,26.362,26.69173240661621,1.25078676
cvrp_full_mh_100-0-0-0,2,X-n110-k13,14.971,15.193192481994629,1.48415257
cvrp_full_mh_100-0-0-0,3,X-n115-k10,12.927991886409737,12.963715553283691,0.27632804
cvrp_full_mh_100-0-0-0,4,X-n120-k6,13.439516129032258,13.869247436523438,3.19752068
cvrp_full_mh_100-0-0-0,5,X-n125-k30,56.156723963599596,57.909568786621094,3.12134451
cvrp_full_mh_100-0-0-0,6,X-n129-k18,28.997995991983966,29.98388671875,3.39985814
cvrp_full_mh_100-0-0-0,7,X-n134-k13,12.320541760722348,12.498271942138672,1.44255167
cvrp_full_mh_100-0-0-0,8,X-n139-k10,13.699596774193548,13.901671409606934,1.47504075
cvrp_full_mh_100-0-0-0,9,X-n143-k7,15.77889447236181,16.369338989257812,3.74198914
cvrp_full_mh_100-0-0-0,10,X-n148-k46,43.754279959718026,45.043128967285156,2.94565242
cvrp_full_mh_100-0-0-0,11,X-n153-k22,21.565040650406505,22.387168884277344,3.81231943
cvrp_full_mh_100-0-0-0,12,X-n157-k13,17.560874089490113,17.623647689819336,0.35746285
cvrp_full_mh_100-0-0-0,13,X-n162-k11,14.411824668705403,14.412413597106934,0.00408642
cvrp_full_mh_100-0-0-0,14,X-n167-k10,20.764646464646464,21.546926498413086,3.76736505
cvrp_full_mh_100-0-0-0,15,X-n172-k51,46.96910401647786,47.248783111572266,0.59545333
cvrp_full_mh_100-0-0-0,16,X-n176-k26,47.812,49.218753814697266,2.94226097
cvrp_full_mh_100-0-0-0,17,X-n181-k23,26.80188679245283,26.952590942382812,0.56228933
cvrp_full_mh_100-0-0-0,18,X-n186-k15,24.241967871485944,24.506410598754883,1.09084679
cvrp_full_mh_100-0-0-0,19,X-n190-k8,17.031093279839517,17.157974243164062,0.74499600
cvrp_full_mh_100-0-0-0,20,X-n195-k51,44.269269269269266,44.627445220947266,0.80908485
cvrp_full_mh_100-0-0-0,21,X-n200-k36,60.08,61.63544845581055,2.58896214
cvrp_full_mh_100-0-0-0,22,X-n204-k19,19.584584584584583,19.998855590820312,2.11529126
cvrp_full_mh_100-0-0-0,23,X-n209-k16,30.686686686686688,31.463661193847656,2.53195959
cvrp_full_mh_100-0-0-0,24,X-n214-k11,15.398581560283688,15.893728256225586,3.21553446
cvrp_full_mh_100-0-0-0,25,X-n219-k73,117.595,117.73172760009766,0.11626991
cvrp_full_mh_100-0-0-0,26,X-n223-k34,40.47747747747748,41.43107223510742,2.35586508
cvrp_full_mh_100-0-0-0,27,X-n228-k23,25.742,26.675994873046875,3.62829179
cvrp_full_mh_100-0-0-0,28,X-n233-k16,19.287863590772318,19.44454002380371,0.81230579
cvrp_full_mh_100-0-0-0,29,X-n237-k14,27.06906906906907,28.63540267944336,5.78643324
cvrp_full_mh_100-0-0-0,30,X-n242-k48,82.751,84.05973815917969,1.58153758
cvrp_full_mh_100-0-0-0,31,X-n247-k50,51.91364902506964,52.95136260986328,1.99892245
cvrp_full_mh_100-0-0-0,32,X-n251-k28,38.878391959798996,39.44380569458008,1.45431358
cvrp_full_mh_100-0-0-0,33,X-n256-k16,18.933668341708543,19.11707305908203,0.96866975
cvrp_full_mh_100-0-0-0,34,X-n261-k13,26.584584584584583,27.300579071044922,2.69326942
cvrp_full_mh_100-0-0-0,35,X-n266-k58,75.70511534603811,77.19742584228516,1.97121488
cvrp_full_mh_100-0-0-0,36,X-n270-k35,35.57560483870968,36.410133361816406,2.34578871
cvrp_full_mh_100-0-0-0,37,X-n275-k28,24.25228310502283,24.799495697021484,2.25633434
cvrp_full_mh_100-0-0-0,38,X-n280-k17,33.503,34.54067611694336,3.09726328
cvrp_full_mh_100-0-0-0,39,X-n284-k15,20.7021494370522,21.187721252441406,2.34551401
cvrp_full_mh_100-0-0-0,40,X-n289-k60,95.34168336673346,98.15267181396484,2.94833104
cvrp_full_mh_100-0-0-0,41,X-n294-k50,47.39798994974874,48.46821975708008,2.25796454
cvrp_full_mh_100-0-0-0,42,X-n298-k31,34.26526526526526,35.43729019165039,3.42044609
cvrp_full_mh_100-0-0-0,43,X-n303-k21,22.134419551934826,22.50476837158203,1.67318063
cvrp_full_mh_100-0-0-0,44,X-n308-k13,25.96285140562249,26.35198211669922,1.49879805
cvrp_full_mh_100-0-0-0,45,X-n313-k71,94.4206827309237,96.47183227539062,2.17235195
cvrp_full_mh_100-0-0-0,46,X-n317-k53,78.43343343343344,93.28710174560547,18.93792948
cvrp_full_mh_100-0-0-0,47,X-n322-k28,29.834,30.591556549072266,2.53923895
cvrp_full_mh_100-0-0-0,48,X-n327-k20,27.67035175879397,28.47389030456543,2.90396939
cvrp_full_mh_100-0-0-0,49,X-n331-k15,31.133133133133132,32.578880310058594,4.64375741
cvrp_full_mh_100-0-0-0,50,X-n336-k84,139.25025025025025,142.2173309326172,2.13075429
cvrp_full_mh_100-0-0-0,51,X-n344-k43,42.1765295887663,43.03352355957031,2.03192150
cvrp_full_mh_100-0-0-0,52,X-n351-k40,25.896,26.588619232177734,2.67461860
cvrp_full_mh_100-0-0-0,53,X-n359-k29,51.505,52.82441711425781,2.56172627
cvrp_full_mh_100-0-0-0,54,X-n367-k17,24.82480957562568,25.547348022460938,2.91054981
cvrp_full_mh_100-0-0-0,55,X-n376-k94,147.86086086086087,148.0235595703125,0.11003501
cvrp_full_mh_100-0-0-0,56,X-n384-k52,66.07214428857715,67.19184112548828,1.69465794
cvrp_full_mh_100-0-0-0,57,X-n393-k38,38.52970795568983,39.28042221069336,1.94840370
cvrp_full_mh_100-0-0-0,58,X-n401-k29,66.154,67.89774322509766,2.63588479
cvrp_full_mh_100-0-0-0,59,X-n411-k19,19.99188640973631,20.52667236328125,2.67501497
cvrp_full_mh_100-0-0-0,60,X-n420-k130,108.12236710130391,110.72563934326172,2.40770926
cvrp_full_mh_100-0-0-0,61,X-n429-k61,65.71184738955823,66.95346069335938,1.88948166
cvrp_full_mh_100-0-0-0,62,X-n439-k37,36.500501504513544,37.15102767944336,1.78223901
cvrp_full_mh_100-0-0-0,63,X-n449-k29,55.233,56.87044906616211,2.96462091
cvrp_full_mh_100-0-0-0,64,X-n459-k26,25.25,25.913677215576172,2.62842462
cvrp_full_mh_100-0-0-0,65,X-n469-k138,222.2685370741483,228.39605712890625,2.75680946
cvrp_full_mh_100-0-0-0,66,X-n480-k70,89.8082329317269,92.42045593261719,2.90866763
cvrp_full_mh_100-0-0-0,67,X-n491-k59,66.54954954954955,68.20464324951172,2.48700962
cvrp_full_mh_100-0-0-0,68,X-n502-k39,69.226,69.6220932006836,0.57217404
cvrp_full_mh_100-0-0-0,69,X-n513-k21,24.249498997995993,24.83916664123535,2.43166939
cvrp_full_mh_100-0-0-0,70,X-n524-k153,154.593,156.9964141845703,1.55467206
cvrp_full_mh_100-0-0-0,71,X-n536-k96,94.846,97.34598541259766,2.63583642
cvrp_full_mh_100-0-0-0,72,X-n548-k50,86.7,95.10169982910156,9.69054190
cvrp_full_mh_100-0-0-0,73,X-n561-k42,42.75975975975976,43.87883758544922,2.61712842
cvrp_full_mh_100-0-0-0,74,X-n573-k30,50.673,51.747859954833984,2.12116898
cvrp_full_mh_100-0-0-0,75,X-n586-k159,191.46478873239437,197.16477966308594,2.97704396
cvrp_full_mh_100-0-0-0,76,X-n599-k92,108.451,111.12002563476562,2.46104290
cvrp_full_mh_100-0-0-0,77,X-n613-k62,59.65430861723447,61.1230583190918,2.46210163
cvrp_full_mh_100-0-0-0,78,X-n627-k43,62.226226226226224,64.32011413574219,3.36496046
cvrp_full_mh_100-0-0-0,79,X-n641-k35,63.747747747747745,65.24371337890625,2.34669566
cvrp_full_mh_100-0-0-0,80,X-n655-k131,110.5383022774327,111.02175903320312,0.43736582
cvrp_full_mh_100-0-0-0,81,X-n670-k130,146.47847847847848,150.2329864501953,2.56318062
cvrp_full_mh_100-0-0-0,82,X-n685-k75,68.4789156626506,70.32398986816406,2.69436831
cvrp_full_mh_100-0-0-0,83,X-n701-k44,81.923,83.74051666259766,2.21856702
cvrp_full_mh_100-0-0-0,84,X-n716-k35,44.30337078651685,45.4720573425293,2.63791792
cvrp_full_mh_100-0-0-0,85,X-n733-k159,136.32332332332334,138.0523223876953,1.26830760
cvrp_full_mh_100-0-0-0,86,X-n749-k98,77.89213709677419,79.97493743896484,2.67395455
cvrp_full_mh_100-0-0-0,87,X-n766-k71,114.417,116.41120910644531,1.74293078
cvrp_full_mh_100-0-0-0,88,X-n783-k48,72.53106212424849,74.47090911865234,2.67450515
cvrp_full_mh_100-0-0-0,89,X-n801-k40,73.311,74.67070770263672,1.85471171
cvrp_full_mh_100-0-0-0,90,X-n819-k171,158.121,162.4767303466797,2.75468176
cvrp_full_mh_100-0-0-0,91,X-n837-k142,193.93093093093094,199.41416931152344,2.82741817
cvrp_full_mh_100-0-0-0,92,X-n856-k95,89.05405405405405,90.07661437988281,1.14824680
cvrp_full_mh_100-0-0-0,93,X-n876-k59,99.49799599198397,101.58248901367188,2.09501006
cvrp_full_mh_100-0-0-0,94,X-n895-k37,53.913913913913916,55.4896354675293,2.92266215
cvrp_full_mh_100-0-0-0,95,X-n916-k207,329.179,341.3117980957031,3.68577525
cvrp_full_mh_100-0-0-0,96,X-n936-k151,132.9809619238477,137.0264129638672,3.04212797
cvrp_full_mh_100-0-0-0,97,X-n957-k87,85.465,93.5399398803711,9.44824183
cvrp_full_mh_100-0-0-0,98,X-n979-k58,118.976,121.94844818115234,2.49835949
cvrp_full_mh_100-0-0-0,99,X-n1001-k43,72.355,74.98661804199219,3.63709217
cvrp_full_mh_100-0-0-0,100,Leuven1,101.33893851812927,103.51053619384766,2.14290549
cvrp_full_mh_100-0-0-0,101,Leuven2,56.00553041729513,60.41041946411133,7.86509656
cvrp_full_mh_100-0-0-0,102,Antwerp1,238.87737737737737,245.38104248046875,2.72259566
cvrp_full_mh_100-0-0-0,103,Antwerp2,145.7478739369685,157.3650360107422,7.97072490
cvrp_full_mh_100-0-0-0,104,Ghent1,236.18259557344064,243.1033935546875,2.93027433
cvrp_full_mh_100-0-0-0,105,Ghent2,129.13276553106212,141.6463165283203,9.69045381
cvrp_full_mh_100-0-0-0,106,Brussels1,253.1377396569122,265.2804870605469,4.79689335
cvrp_full_mh_100-0-0-0,107,Brussels2,173.25376128385156,192.59181213378906,11.16169179
cvrp_full_mh_100-0-0-0,108,Flanders1,271.55194659065336,279.8757629394531,3.06527589
cvrp_full_mh_100-0-0-0,109,Flanders2,162.93755588673622,178.99000549316406,9.85190279
cvrp_full_mh_25-25-25-25,0,X-n101-k25,27.982758620689655,28.44799041748047,1.66256588
cvrp_full_mh_25-25-25-25,1,X-n106-k14,26.362,26.692537307739258,1.25384003
cvrp_full_mh_25-25-25-25,2,X-n110-k13,14.971,15.156122207641602,1.23653869
cvrp_full_mh_25-25-25-25,3,X-n115-k10,12.927991886409737,12.963713645935059,0.27631329
cvrp_full_mh_25-25-25-25,4,X-n120-k6,13.439516129032258,13.951595306396484,3.81025010
cvrp_full_mh_25-25-25-25,5,X-n125-k30,56.156723963599596,58.39838790893555,3.99179971
cvrp_full_mh_25-25-25-25,6,X-n129-k18,28.997995991983966,30.064245223999023,3.67697558
cvrp_full_mh_25-25-25-25,7,X-n134-k13,12.320541760722348,12.532233238220215,1.71819942
cvrp_full_mh_25-25-25-25,8,X-n139-k10,13.699596774193548,13.901671409606934,1.47504075
cvrp_full_mh_25-25-25-25,9,X-n143-k7,15.77889447236181,16.54633331298828,4.86370475
cvrp_full_mh_25-25-25-25,10,X-n148-k46,43.754279959718026,44.834693908691406,2.46927603
cvrp_full_mh_25-25-25-25,11,X-n153-k22,21.565040650406505,22.24422264099121,3.14945843
cvrp_full_mh_25-25-25-25,12,X-n157-k13,17.560874089490113,17.623645782470703,0.35745198
cvrp_full_mh_25-25-25-25,13,X-n162-k11,14.411824668705403,14.43195629119873,0.13968823
cvrp_full_mh_25-25-25-25,14,X-n167-k10,20.764646464646464,21.64959144592285,4.26178689
cvrp_full_mh_25-25-25-25,15,X-n172-k51,46.96910401647786,47.296783447265625,0.69764889
cvrp_full_mh_25-25-25-25,16,X-n176-k26,47.812,49.21120834350586,2.92647943
cvrp_full_mh_25-25-25-25,17,X-n181-k23,26.80188679245283,26.94536018371582,0.53531079
cvrp_full_mh_25-25-25-25,18,X-n186-k15,24.241967871485944,24.506406784057617,1.09083105
cvrp_full_mh_25-25-25-25,19,X-n190-k8,17.031093279839517,17.31250762939453,1.65235634
cvrp_full_mh_25-25-25-25,20,X-n195-k51,44.269269269269266,44.76401138305664,1.11757461
cvrp_full_mh_25-25-25-25,21,X-n200-k36,60.08,61.63544845581055,2.58896214
cvrp_full_mh_25-25-25-25,22,X-n204-k19,19.584584584584583,19.822166442871094,1.21310645
cvrp_full_mh_25-25-25-25,23,X-n209-k16,30.686686686686688,31.422807693481445,2.39882857
cvrp_full_mh_25-25-25-25,24,X-n214-k11,15.398581560283688,15.945084571838379,3.54904774
cvrp_full_mh_25-25-25-25,25,X-n219-k73,117.595,117.73174285888672,0.11628289
cvrp_full_mh_25-25-25-25,26,X-n223-k34,40.47747747747748,41.5607795715332,2.67630831
cvrp_full_mh_25-25-25-25,27,X-n228-k23,25.742,26.63471031188965,3.46791357
cvrp_full_mh_25-25-25-25,28,X-n233-k16,19.287863590772318,19.391218185424805,0.53585299
cvrp_full_mh_25-25-25-25,29,X-n237-k14,27.06906906906907,28.364973068237305,4.78739773
cvrp_full_mh_25-25-25-25,30,X-n242-k48,82.751,84.25032043457031,1.81184570
cvrp_full_mh_25-25-25-25,31,X-n247-k50,51.91364902506964,52.744903564453125,1.60122541
cvrp_full_mh_25-25-25-25,32,X-n251-k28,38.878391959798996,39.443809509277344,1.45432339
cvrp_full_mh_25-25-25-25,33,X-n256-k16,18.933668341708543,19.09972381591797,0.87703804
cvrp_full_mh_25-25-25-25,34,X-n261-k13,26.584584584584583,27.31118392944336,2.73316042
cvrp_full_mh_25-25-25-25,35,X-n266-k58,75.70511534603811,77.5129623413086,2.38801168
cvrp_full_mh_25-25-25-25,36,X-n270-k35,35.57560483870968,36.410133361816406,2.34578871
cvrp_full_mh_25-25-25-25,37,X-n275-k28,24.25228310502283,24.799495697021484,2.25633434
cvrp_full_mh_25-25-25-25,38,X-n280-k17,33.503,34.99154281616211,4.44301351
cvrp_full_mh_25-25-25-25,39,X-n284-k15,20.7021494370522,21.447256088256836,3.59917531
cvrp_full_mh_25-25-25-25,40,X-n289-k60,95.34168336673346,98.03437042236328,2.82424954
cvrp_full_mh_25-25-25-25,41,X-n294-k50,47.39798994974874,48.46821975708008,2.25796454
cvrp_full_mh_25-25-25-25,42,X-n298-k31,34.26526526526526,34.86927032470703,1.76273277
cvrp_full_mh_25-25-25-25,43,X-n303-k21,22.134419551934826,22.509035110473633,1.69245711
cvrp_full_mh_25-25-25-25,44,X-n308-k13,25.96285140562249,27.00905990600586,4.02963636
cvrp_full_mh_25-25-25-25,45,X-n313-k71,94.4206827309237,97.0045394897461,2.73653683
cvrp_full_mh_25-25-25-25,46,X-n317-k53,78.43343343343344,93.30070495605469,18.95527312
cvrp_full_mh_25-25-25-25,47,X-n322-k28,29.834,30.591556549072266,2.53923895
cvrp_full_mh_25-25-25-25,48,X-n327-k20,27.67035175879397,28.554153442382812,3.19403848
cvrp_full_mh_25-25-25-25,49,X-n331-k15,31.133133133133132,32.59117126464844,4.68323611
cvrp_full_mh_25-25-25-25,50,X-n336-k84,139.25025025025025,141.88650512695312,1.89317784
cvrp_full_mh_25-25-25-25,51,X-n344-k43,42.1765295887663,42.97053146362305,1.88256806
cvrp_full_mh_25-25-25-25,52,X-n351-k40,25.896,26.69521713256836,3.08625708
cvrp_full_mh_25-25-25-25,53,X-n359-k29,51.505,52.79086685180664,2.49658645
cvrp_full_mh_25-25-25-25,54,X-n367-k17,24.82480957562568,25.679550170898438,3.44309024
cvrp_full_mh_25-25-25-25,55,X-n376-k94,147.86086086086087,148.199951171875,0.22933068
cvrp_full_mh_25-25-25-25,56,X-n384-k52,66.07214428857715,67.40226745605469,2.01313758
cvrp_full_mh_25-25-25-25,57,X-n393-k38,38.52970795568983,39.23974609375,1.84283291
cvrp_full_mh_25-25-25-25,58,X-n401-k29,66.154,67.93209075927734,2.68780536
cvrp_full_mh_25-25-25-25,59,X-n411-k19,19.99188640973631,20.50877571105957,2.58549539
cvrp_full_mh_25-25-25-25,60,X-n420-k130,108.12236710130391,110.94281768798828,2.60857273
cvrp_full_mh_25-25-25-25,61,X-n429-k61,65.71184738955823,67.16172790527344,2.20642178
cvrp_full_mh_25-25-25-25,62,X-n439-k37,36.500501504513544,36.95658493041992,1.24952646
cvrp_full_mh_25-25-25-25,63,X-n449-k29,55.233,56.75022506713867,2.74695394
cvrp_full_mh_25-25-25-25,64,X-n459-k26,25.25,25.90491485595703,2.59372220
cvrp_full_mh_25-25-25-25,65,X-n469-k138,222.2685370741483,229.8486328125,3.41033231
cvrp_full_mh_25-25-25-25,66,X-n480-k70,89.8082329317269,91.95543670654297,2.39087632
cvrp_full_mh_25-25-25-25,67,X-n491-k59,66.54954954954955,68.24553680419922,2.54845790
cvrp_full_mh_25-25-25-25,68,X-n502-k39,69.226,69.587890625,0.52276692
cvrp_full_mh_25-25-25-25,69,X-n513-k21,24.249498997995993,24.964262008666992,2.94753723
cvrp_full_mh_25-25-25-25,70,X-n524-k153,154.593,157.11434936523438,1.63095959
cvrp_full_mh_25-25-25-25,71,X-n536-k96,94.846,97.0658187866211,2.34044534
cvrp_full_mh_25-25-25-25,72,X-n548-k50,86.7,95.33660888671875,9.96148661
cvrp_full_mh_25-25-25-25,73,X-n561-k42,42.75975975975976,43.9293212890625,2.73519200
cvrp_full_mh_25-25-25-25,74,X-n573-k30,50.673,51.67021942138672,1.96795023
cvrp_full_mh_25-25-25-25,75,X-n586-k159,191.46478873239437,196.6793670654297,2.72351818
cvrp_full_mh_25-25-25-25,76,X-n599-k92,108.451,111.12562561035156,2.46620650
cvrp_full_mh_25-25-25-25,77,X-n613-k62,59.65430861723447,61.468502044677734,3.04117753
cvrp_full_mh_25-25-25-25,78,X-n627-k43,62.226226226226224,64.19021606445312,3.15620914
cvrp_full_mh_25-25-25-25,79,X-n641-k35,63.747747747747745,65.13639831542969,2.17835236
cvrp_full_mh_25-25-25-25,80,X-n655-k131,110.5383022774327,110.97832489013672,0.39807253
cvrp_full_mh_25-25-25-25,81,X-n670-k130,146.47847847847848,150.65817260742188,2.85345272
cvrp_full_mh_25-25-25-25,82,X-n685-k75,68.4789156626506,69.66851806640625,1.73718055
cvrp_full_mh_25-25-25-25,83,X-n701-k44,81.923,84.06209564208984,2.61110511
cvrp_full_mh_25-25-25-25,84,X-n716-k35,44.30337078651685,45.52863311767578,2.76561875
cvrp_full_mh_25-25-25-25,85,X-n733-k159,136.32332332332334,138.9451904296875,1.92327112
cvrp_full_mh_25-25-25-25,86,X-n749-k98,77.89213709677419,79.88426971435547,2.55755291
cvrp_full_mh_25-25-25-25,87,X-n766-k71,114.417,116.65373229980469,1.95489508
cvrp_full_mh_25-25-25-25,88,X-n783-k48,72.53106212424849,74.43601989746094,2.62640270
cvrp_full_mh_25-25-25-25,89,X-n801-k40,73.311,74.58507537841797,1.73790479
cvrp_full_mh_25-25-25-25,90,X-n819-k171,158.121,162.21026611328125,2.58616257
cvrp_full_mh_25-25-25-25,91,X-n837-k142,193.93093093093094,200.88916015625,3.58799351
cvrp_full_mh_25-25-25-25,92,X-n856-k95,89.05405405405405,90.09609985351562,1.17012730
cvrp_full_mh_25-25-25-25,93,X-n876-k59,99.49799599198397,101.40391540527344,1.91553548
cvrp_full_mh_25-25-25-25,94,X-n895-k37,53.913913913913916,55.79246520996094,3.48435341
cvrp_full_mh_25-25-25-25,95,X-n916-k207,329.179,342.2560729980469,3.97263282
cvrp_full_mh_25-25-25-25,96,X-n936-k151,132.9809619238477,137.07421875,3.07807732
cvrp_full_mh_25-25-25-25,97,X-n957-k87,85.465,93.66964721679688,9.60000844
cvrp_full_mh_25-25-25-25,98,X-n979-k58,118.976,121.58572387695312,2.19348766
cvrp_full_mh_25-25-25-25,99,X-n1001-k43,72.355,74.83015441894531,3.42084779
cvrp_full_mh_25-25-25-25,100,Leuven1,101.33893851812927,104.65433502197266,3.27159190
cvrp_full_mh_25-25-25-25,101,Leuven2,56.00553041729513,60.37232208251953,7.79707224
cvrp_full_mh_25-25-25-25,102,Antwerp1,238.87737737737737,245.31689453125,2.69574173
cvrp_full_mh_25-25-25-25,103,Antwerp2,145.7478739369685,156.9630126953125,7.69489012
cvrp_full_mh_25-25-25-25,104,Ghent1,236.18259557344064,243.02688598632812,2.89788094
cvrp_full_mh_25-25-25-25,105,Ghent2,129.13276553106212,142.46682739257812,10.32585480
cvrp_full_mh_25-25-25-25,106,Brussels1,253.1377396569122,264.9559326171875,4.66868076
cvrp_full_mh_25-25-25-25,107,Brussels2,173.25376128385156,193.0235595703125,11.41089125
cvrp_full_mh_25-25-25-25,108,Flanders1,271.55194659065336,280.4207458496094,3.26596785
cvrp_full_mh_25-25-25-25,109,Flanders2,162.93755588673622,178.86378479003906,9.77443709
cvrp_full_mh_50-20-15-15,0,X-n101-k25,27.982758620689655,28.44799041748047,1.66256588
cvrp_full_mh_50-20-15-15,1,X-n106-k14,26.362,26.747568130493164,1.46259059
cvrp_full_mh_50-20-15-15,2,X-n110-k13,14.971,15.156122207641602,1.23653869
cvrp_full_mh_50-20-15-15,3,X-n115-k10,12.927991886409737,12.963715553283691,0.27632804
cvrp_full_mh_50-20-15-15,4,X-n120-k6,13.439516129032258,13.951595306396484,3.81025010
cvrp_full_mh_50-20-15-15,5,X-n125-k30,56.156723963599596,58.39838790893555,3.99179971
cvrp_full_mh_50-20-15-15,6,X-n129-k18,28.997995991983966,29.98388671875,3.39985814
cvrp_full_mh_50-20-15-15,7,X-n134-k13,12.320541760722348,12.498271942138672,1.44255167
cvrp_full_mh_50-20-15-15,8,X-n139-k10,13.699596774193548,13.901671409606934,1.47504075
cvrp_full_mh_50-20-15-15,9,X-n143-k7,15.77889447236181,16.482194900512695,4.45722246
cvrp_full_mh_50-20-15-15,10,X-n148-k46,43.754279959718026,45.037818908691406,2.93351633
cvrp_full_mh_50-20-15-15,11,X-n153-k22,21.565040650406505,22.24422264099121,3.14945843
cvrp_full_mh_50-20-15-15,12,X-n157-k13,17.560874089490113,17.623645782470703,0.35745198
cvrp_full_mh_50-20-15-15,13,X-n162-k11,14.411824668705403,14.412413597106934,0.00408642
cvrp_full_mh_50-20-15-15,14,X-n167-k10,20.764646464646464,21.497556686401367,3.52960607
cvrp_full_mh_50-20-15-15,15,X-n172-k51,46.96910401647786,47.248783111572266,0.59545333
cvrp_full_mh_50-20-15-15,16,X-n176-k26,47.812,49.21120834350586,2.92647943
cvrp_full_mh_50-20-15-15,17,X-n181-k23,26.80188679245283,26.94536018371582,0.53531079
cvrp_full_mh_50-20-15-15,18,X-n186-k15,24.241967871485944,24.81379508972168,2.35883168
cvrp_full_mh_50-20-15-15,19,X-n190-k8,17.031093279839517,17.221864700317383,1.12013608
cvrp_full_mh_50-20-15-15,20,X-n195-k51,44.269269269269266,44.764015197753906,1.11758323
cvrp_full_mh_50-20-15-15,21,X-n200-k36,60.08,61.63544845581055,2.58896214
cvrp_full_mh_50-20-15-15,22,X-n204-k19,19.584584584584583,19.964256286621094,1.93862525
cvrp_full_mh_50-20-15-15,23,X-n209-k16,30.686686686686688,31.422807693481445,2.39882857
cvrp_full_mh_50-20-15-15,24,X-n214-k11,15.398581560283688,15.844111442565918,2.89331768
cvrp_full_mh_50-20-15-15,25,X-n219-k73,117.595,117.7317123413086,0.11625693
cvrp_full_mh_50-20-15-15,26,X-n223-k34,40.47747747747748,41.484493255615234,2.48784223
cvrp_full_mh_50-20-15-15,27,X-n228-k23,25.742,26.691543579101562,3.68869388
cvrp_full_mh_50-20-15-15,28,X-n233-k16,19.287863590772318,19.391216278076172,0.53584311
cvrp_full_mh_50-20-15-15,29,X-n237-k14,27.06906906906907,28.5244083404541,5.37639203
cvrp_full_mh_50-20-15-15,30,X-n242-k48,82.751,84.05973815917969,1.58153758
cvrp_full_mh_50-20-15-15,31,X-n247-k50,51.91364902506964,52.643985748291016,1.40682987
cvrp_full_mh_50-20-15-15,32,X-n251-k28,38.878391959798996,39.43854904174805,1.44079283
cvrp_full_mh_50-20-15-15,33,X-n256-k16,18.933668341708543,19.11707305908203,0.96866975
cvrp_full_mh_50-20-15-15,34,X-n261-k13,26.584584584584583,27.340831756591797,2.84468305
cvrp_full_mh_50-20-15-15,35,X-n266-k58,75.70511534603811,77.5129623413086,2.38801168
cvrp_full_mh_50-20-15-15,36,X-n270-k35,35.57560483870968,36.410133361816406,2.34578871
cvrp_full_mh_50-20-15-15,37,X-n275-k28,24.25228310502283,24.799495697021484,2.25633434
cvrp_full_mh_50-20-15-15,38,X-n280-k17,33.503,34.97620391845703,4.39722986
cvrp_full_mh_50-20-15-15,39,X-n284-k15,20.7021494370522,21.238426208496094,2.59044006
cvrp_full_mh_50-20-15-15,40,X-n289-k60,95.34168336673346,97.95829010009766,2.74445200
cvrp_full_mh_50-20-15-15,41,X-n294-k50,47.39798994974874,48.46821975708008,2.25796454
cvrp_full_mh_50-20-15-15,42,X-n298-k31,34.26526526526526,35.200042724609375,2.72806135
cvrp_full_mh_50-20-15-15,43,X-n303-k21,22.134419551934826,22.509035110473633,1.69245711
cvrp_full_mh_50-20-15-15,44,X-n308-k13,25.96285140562249,26.341346740722656,1.45783423
cvrp_full_mh_50-20-15-15,45,X-n313-k71,94.4206827309237,96.45783996582031,2.15753284
cvrp_full_mh_50-20-15-15,46,X-n317-k53,78.43343343343344,93.3127670288086,18.97065186
cvrp_full_mh_50-20-15-15,47,X-n322-k28,29.834,30.591556549072266,2.53923895
cvrp_full_mh_50-20-15-15,48,X-n327-k20,27.67035175879397,28.58304786682129,3.29846225
cvrp_full_mh_50-20-15-15,49,X-n331-k15,31.133133133133132,32.56934356689453,4.61312528
cvrp_full_mh_50-20-15-15,50,X-n336-k84,139.25025025025025,142.87355041503906,2.60200621
cvrp_full_mh_50-20-15-15,51,X-n344-k43,42.1765295887663,43.03352355957031,2.03192150
cvrp_full_mh_50-20-15-15,52,X-n351-k40,25.896,26.69521713256836,3.08625708
cvrp_full_mh_50-20-15-15,53,X-n359-k29,51.505,52.76835632324219,2.45288093
cvrp_full_mh_50-20-15-15,54,X-n367-k17,24.82480957562568,25.901161193847656,4.33579003
cvrp_full_mh_50-20-15-15,55,X-n376-k94,147.86086086086087,148.11831665039062,0.17412031
cvrp_full_mh_50-20-15-15,56,X-n384-k52,66.07214428857715,67.40189361572266,2.01257178
cvrp_full_mh_50-20-15-15,57,X-n393-k38,38.52970795568983,39.20177459716797,1.74428169
cvrp_full_mh_50-20-15-15,58,X-n401-k29,66.154,67.2092514038086,1.59514376
cvrp_full_mh_50-20-15-15,59,X-n411-k19,19.99188640973631,20.632434844970703,3.20404199
cvrp_full_mh_50-20-15-15,60,X-n420-k130,108.12236710130391,110.94281768798828,2.60857273
cvrp_full_mh_50-20-15-15,61,X-n429-k61,65.71184738955823,67.16172790527344,2.20642178
cvrp_full_mh_50-20-15-15,62,X-n439-k37,36.500501504513544,36.93772506713867,1.19785632
cvrp_full_mh_50-20-15-15,63,X-n449-k29,55.233,56.772708892822266,2.78766117
cvrp_full_mh_50-20-15-15,64,X-n459-k26,25.25,26.064939498901367,3.22748316
cvrp_full_mh_50-20-15-15,65,X-n469-k138,222.2685370741483,228.9433135986328,3.00302356
cvrp_full_mh_50-20-15-15,66,X-n480-k70,89.8082329317269,92.41925811767578,2.90733388
cvrp_full_mh_50-20-15-15,67,X-n491-k59,66.54954954954955,68.24553680419922,2.54845790
cvrp_full_mh_50-20-15-15,68,X-n502-k39,69.226,69.62921905517578,0.58246765
cvrp_full_mh_50-20-15-15,69,X-n513-k21,24.249498997995993,24.96653938293457,2.95692866
cvrp_full_mh_50-20-15-15,70,X-n524-k153,154.593,156.98744201660156,1.54886833
cvrp_full_mh_50-20-15-15,71,X-n536-k96,94.846,97.54917907714844,2.85007178
cvrp_full_mh_50-20-15-15,72,X-n548-k50,86.7,95.16251373291016,9.76068481
cvrp_full_mh_50-20-15-15,73,X-n561-k42,42.75975975975976,43.837093353271484,2.51950338
cvrp_full_mh_50-20-15-15,74,X-n573-k30,50.673,51.70995330810547,2.04636258
cvrp_full_mh_50-20-15-15,75,X-n586-k159,191.46478873239437,196.78863525390625,2.78058778
cvrp_full_mh_50-20-15-15,76,X-n599-k92,108.451,110.76976776123047,2.13807873
cvrp_full_mh_50-20-15-15,77,X-n613-k62,59.65430861723447,61.34231185913086,2.82964178
cvrp_full_mh_50-20-15-15,78,X-n627-k43,62.226226226226224,64.55291748046875,3.73908462
cvrp_full_mh_50-20-15-15,79,X-n641-k35,63.747747747747745,65.04377746582031,2.03305962
cvrp_full_mh_50-20-15-15,80,X-n655-k131,110.5383022774327,110.98143768310547,0.40088856
cvrp_full_mh_50-20-15-15,81,X-n670-k130,146.47847847847848,150.41714477539062,2.68890443
cvrp_full_mh_50-20-15-15,82,X-n685-k75,68.4789156626506,69.8884506225586,2.05834883
cvrp_full_mh_50-20-15-15,83,X-n701-k44,81.923,83.72833251953125,2.20369435
cvrp_full_mh_50-20-15-15,84,X-n716-k35,44.30337078651685,45.616119384765625,2.96308966
cvrp_full_mh_50-20-15-15,85,X-n733-k159,136.32332332332334,138.1267547607422,1.32290748
cvrp_full_mh_50-20-15-15,86,X-n749-k98,77.89213709677419,80.00406646728516,2.71135117
cvrp_full_mh_50-20-15-15,87,X-n766-k71,114.417,117.1502685546875,2.38886578
cvrp_full_mh_50-20-15-15,88,X-n783-k48,72.53106212424849,74.43363952636719,2.62312083
cvrp_full_mh_50-20-15-15,89,X-n801-k40,73.311,74.78759765625,2.01415566
cvrp_full_mh_50-20-15-15,90,X-n819-k171,158.121,162.5180206298828,2.78079485
cvrp_full_mh_50-20-15-15,91,X-n837-k142,193.93093093093094,199.77772521972656,3.01488487
cvrp_full_mh_50-20-15-15,92,X-n856-k95,89.05405405405405,90.04765319824219,1.11572590
cvrp_full_mh_50-20-15-15,93,X-n876-k59,99.49799599198397,101.37618255615234,1.88766271
cvrp_full_mh_50-20-15-15,94,X-n895-k37,53.913913913913916,55.65065002441406,3.22131336
cvrp_full_mh_50-20-15-15,95,X-n916-k207,329.179,341.8054504394531,3.83573996
cvrp_full_mh_50-20-15-15,96,X-n936-k151,132.9809619238477,137.06686401367188,3.07254665
cvrp_full_mh_50-20-15-15,97,X-n957-k87,85.465,93.62541198730469,9.54825015
cvrp_full_mh_50-20-15-15,98,X-n979-k58,118.976,121.39340209960938,2.03184012
cvrp_full_mh_50-20-15-15,99,X-n1001-k43,72.355,75.00460815429688,3.66195585
cvrp_full_mh_50-20-15-15,100,Leuven1,101.33893851812927,103.5211410522461,2.15337023
cvrp_full_mh_50-20-15-15,101,Leuven2,56.00553041729513,60.511085510253906,8.04483961
cvrp_full_mh_50-20-15-15,102,Antwerp1,238.87737737737737,245.80557250976562,2.90031447
cvrp_full_mh_50-20-15-15,103,Antwerp2,145.7478739369685,157.1510009765625,7.82387196
cvrp_full_mh_50-20-15-15,104,Ghent1,236.18259557344064,242.87986755371094,2.83563315
cvrp_full_mh_50-20-15-15,105,Ghent2,129.13276553106212,142.40087890625,10.27478450
cvrp_full_mh_50-20-15-15,106,Brussels1,253.1377396569122,265.00433349609375,4.68780114
cvrp_full_mh_50-20-15-15,107,Brussels2,173.25376128385156,192.66136169433594,11.20183497
cvrp_full_mh_50-20-15-15,108,Flanders1,271.55194659065336,280.4963073730469,3.29379365
cvrp_full_mh_50-20-15-15,109,Flanders2,162.93755588673622,179.4925994873047,10.16036083
cvrp_full_mh_70-10-10-10,0,X-n101-k25,27.982758620689655,28.44799041748047,1.66256588
cvrp_full_mh_70-10-10-10,1,X-n106-k14,26.362,26.762672424316406,1.51988629
cvrp_full_mh_70-10-10-10,2,X-n110-k13,14.971,15.156122207641602,1.23653869
cvrp_full_mh_70-10-10-10,3,X-n115-k10,12.927991886409737,12.963712692260742,0.27630591
cvrp_full_mh_70-10-10-10,4,X-n120-k6,13.439516129032258,13.875519752502441,3.24419138
cvrp_full_mh_70-10-10-10,5,X-n125-k30,56.156723963599596,58.39838790893555,3.99179971
cvrp_full_mh_70-10-10-10,6,X-n129-k18,28.997995991983966,29.98388671875,3.39985814
cvrp_full_mh_70-10-10-10,7,X-n134-k13,12.320541760722348,12.498271942138672,1.44255167
cvrp_full_mh_70-10-10-10,8,X-n139-k10,13.699596774193548,13.901671409606934,1.47504075
cvrp_full_mh_70-10-10-10,9,X-n143-k7,15.77889447236181,16.488746643066406,4.49874465
cvrp_full_mh_70-10-10-10,10,X-n148-k46,43.754279959718026,45.037818908691406,2.93351633
cvrp_full_mh_70-10-10-10,11,X-n153-k22,21.565040650406505,22.24422264099121,3.14945843
cvrp_full_mh_70-10-10-10,12,X-n157-k13,17.560874089490113,17.623645782470703,0.35745198
cvrp_full_mh_70-10-10-10,13,X-n162-k11,14.411824668705403,14.412413597106934,0.00408642
cvrp_full_mh_70-10-10-10,14,X-n167-k10,20.764646464646464,21.282304763793945,2.49297911
cvrp_full_mh_70-10-10-10,15,X-n172-k51,46.96910401647786,47.248783111572266,0.59545333
cvrp_full_mh_70-10-10-10,16,X-n176-k26,47.812,49.218753814697266,2.94226097
cvrp_full_mh_70-10-10-10,17,X-n181-k23,26.80188679245283,26.94536018371582,0.53531079
cvrp_full_mh_70-10-10-10,18,X-n186-k15,24.241967871485944,24.506410598754883,1.09084679
cvrp_full_mh_70-10-10-10,19,X-n190-k8,17.031093279839517,17.21854019165039,1.10061585
cvrp_full_mh_70-10-10-10,20,X-n195-k51,44.269269269269266,44.627464294433594,0.80912794
cvrp_full_mh_70-10-10-10,21,X-n200-k36,60.08,61.63544845581055,2.58896214
cvrp_full_mh_70-10-10-10,22,X-n204-k19,19.584584584584583,19.964256286621094,1.93862525
cvrp_full_mh_70-10-10-10,23,X-n209-k16,30.686686686686688,31.422807693481445,2.39882857
cvrp_full_mh_70-10-10-10,24,X-n214-k11,15.398581560283688,15.884265899658203,3.15408492
cvrp_full_mh_70-10-10-10,25,X-n219-k73,117.595,117.75581359863281,0.13675207
cvrp_full_mh_70-10-10-10,26,X-n223-k34,40.47747747747748,41.484493255615234,2.48784223
cvrp_full_mh_70-10-10-10,27,X-n228-k23,25.742,26.675994873046875,3.62829179
cvrp_full_mh_70-10-10-10,28,X-n233-k16,19.287863590772318,19.391218185424805,0.53585299
cvrp_full_mh_70-10-10-10,29,X-n237-k14,27.06906906906907,28.63540267944336,5.78643324
cvrp_full_mh_70-10-10-10,30,X-n242-k48,82.751,84.05973815917969,1.58153758
cvrp_full_mh_70-10-10-10,31,X-n247-k50,51.91364902506964,52.643985748291016,1.40682987
cvrp_full_mh_70-10-10-10,32,X-n251-k28,38.878391959798996,39.44380187988281,1.45430377
cvrp_full_mh_70-10-10-10,33,X-n256-k16,18.933668341708543,19.11707305908203,0.96866975
cvrp_full_mh_70-10-10-10,34,X-n261-k13,26.584584584584583,27.20820426940918,2.34579436
cvrp_full_mh_70-10-10-10,35,X-n266-k58,75.70511534603811,77.17017364501953,1.93521705
cvrp_full_mh_70-10-10-10,36,X-n270-k35,35.57560483870968,36.410133361816406,2.34578871
cvrp_full_mh_70-10-10-10,37,X-n275-k28,24.25228310502283,24.799495697021484,2.25633434
cvrp_full_mh_70-10-10-10,38,X-n280-k17,33.503,34.554222106933594,3.13769545
cvrp_full_mh_70-10-10-10,39,X-n284-k15,20.7021494370522,21.393877029418945,3.34133223
cvrp_full_mh_70-10-10-10,40,X-n289-k60,95.34168336673346,98.0497055053711,2.84033388
cvrp_full_mh_70-10-10-10,41,X-n294-k50,47.39798994974874,48.46821975708008,2.25796454
cvrp_full_mh_70-10-10-10,42,X-n298-k31,34.26526526526526,35.200042724609375,2.72806135
cvrp_full_mh_70-10-10-10,43,X-n303-k21,22.134419551934826,22.50476837158203,1.67318063
cvrp_full_mh_70-10-10-10,44,X-n308-k13,25.96285140562249,26.452564239501953,1.88620590
cvrp_full_mh_70-10-10-10,45,X-n313-k71,94.4206827309237,96.45783996582031,2.15753284
cvrp_full_mh_70-10-10-10,46,X-n317-k53,78.43343343343344,93.28712463378906,18.93795866
cvrp_full_mh_70-10-10-10,47,X-n322-k28,29.834,30.591556549072266,2.53923895
cvrp_full_mh_70-10-10-10,48,X-n327-k20,27.67035175879397,28.7164363861084,3.78052522
cvrp_full_mh_70-10-10-10,49,X-n331-k15,31.133133133133132,32.57439041137695,4.62933580
cvrp_full_mh_70-10-10-10,50,X-n336-k84,139.25025025025025,142.5501708984375,2.36977718
cvrp_full_mh_70-10-10-10,51,X-n344-k43,42.1765295887663,43.03352355957031,2.03192150
cvrp_full_mh_70-10-10-10,52,X-n351-k40,25.896,26.62607765197754,2.81926804
cvrp_full_mh_70-10-10-10,53,X-n359-k29,51.505,52.710697174072266,2.34093229
cvrp_full_mh_70-10-10-10,54,X-n367-k17,24.82480957562568,25.528167724609375,2.83328719
cvrp_full_mh_70-10-10-10,55,X-n376-k94,147.86086086086087,148.11831665039062,0.17412031
cvrp_full_mh_70-10-10-10,56,X-n384-k52,66.07214428857715,67.38348388671875,1.98470870
cvrp_full_mh_70-10-10-10,57,X-n393-k38,38.52970795568983,39.19837951660156,1.73547010
cvrp_full_mh_70-10-10-10,58,X-n401-k29,66.154,67.1860122680664,1.56001492
cvrp_full_mh_70-10-10-10,59,X-n411-k19,19.99188640973631,20.469995498657227,2.39151563
cvrp_full_mh_70-10-10-10,60,X-n420-k130,108.12236710130391,110.72563934326172,2.40770926
cvrp_full_mh_70-10-10-10,61,X-n429-k61,65.71184738955823,67.02227020263672,1.99419567
cvrp_full_mh_70-10-10-10,62,X-n439-k37,36.500501504513544,37.014488220214844,1.40816343
cvrp_full_mh_70-10-10-10,63,X-n449-k29,55.233,56.81898498535156,2.87144458
cvrp_full_mh_70-10-10-10,64,X-n459-k26,25.25,25.949186325073242,2.76905475
cvrp_full_mh_70-10-10-10,65,X-n469-k138,222.2685370741483,229.2163543701172,3.12586630
cvrp_full_mh_70-10-10-10,66,X-n480-k70,89.8082329317269,92.41925811767578,2.90733388
cvrp_full_mh_70-10-10-10,67,X-n491-k59,66.54954954954955,68.059326171875,2.26865040
cvrp_full_mh_70-10-10-10,68,X-n502-k39,69.226,69.63585662841797,0.59205592
cvrp_full_mh_70-10-10-10,69,X-n513-k21,24.249498997995993,25.06743812561035,3.37301454
cvrp_full_mh_70-10-10-10,70,X-n524-k153,154.593,157.05886840820312,1.59507119
cvrp_full_mh_70-10-10-10,71,X-n536-k96,94.846,96.95169067382812,2.22011542
cvrp_full_mh_70-10-10-10,72,X-n548-k50,86.7,95.08757019042969,9.67424474
cvrp_full_mh_70-10-10-10,73,X-n561-k42,42.75975975975976,43.767738342285156,2.35730647
cvrp_full_mh_70-10-10-10,74,X-n573-k30,50.673,51.575870513916016,1.78175856
cvrp_full_mh_70-10-10-10,75,X-n586-k159,191.46478873239437,196.3352508544922,2.54378999
cvrp_full_mh_70-10-10-10,76,X-n599-k92,108.451,111.08146667480469,2.42548863
cvrp_full_mh_70-10-10-10,77,X-n613-k62,59.65430861723447,61.12944030761719,2.47279991
cvrp_full_mh_70-10-10-10,78,X-n627-k43,62.226226226226224,64.70365905761719,3.98133228
cvrp_full_mh_70-10-10-10,79,X-n641-k35,63.747747747747745,65.16976165771484,2.23068886
cvrp_full_mh_70-10-10-10,80,X-n655-k131,110.5383022774327,110.9674301147461,0.38821642
cvrp_full_mh_70-10-10-10,81,X-n670-k130,146.47847847847848,150.7148895263672,2.89217303
cvrp_full_mh_70-10-10-10,82,X-n685-k75,68.4789156626506,70.3700942993164,2.76169478
cvrp_full_mh_70-10-10-10,83,X-n701-k44,81.923,83.46770477294922,1.88555689
cvrp_full_mh_70-10-10-10,84,X-n716-k35,44.30337078651685,45.579246520996094,2.87986154
cvrp_full_mh_70-10-10-10,85,X-n733-k159,136.32332332332334,138.0988311767578,1.30242413
cvrp_full_mh_70-10-10-10,86,X-n749-k98,77.89213709677419,79.91998291015625,2.60340246
cvrp_full_mh_70-10-10-10,87,X-n766-k71,114.417,116.9784164428711,2.23866772
cvrp_full_mh_70-10-10-10,88,X-n783-k48,72.53106212424849,74.49903869628906,2.71328795
cvrp_full_mh_70-10-10-10,89,X-n801-k40,73.311,74.9973373413086,2.30025145
cvrp_full_mh_70-10-10-10,90,X-n819-k171,158.121,162.4767303466797,2.75468176
cvrp_full_mh_70-10-10-10,91,X-n837-k142,193.93093093093094,199.22817993164062,2.73151321
cvrp_full_mh_70-10-10-10,92,X-n856-k95,89.05405405405405,90.02800750732422,1.09366549
cvrp_full_mh_70-10-10-10,93,X-n876-k59,99.49799599198397,101.58554077148438,2.09807721
cvrp_full_mh_70-10-10-10,94,X-n895-k37,53.913913913913916,55.39514923095703,2.74740825
cvrp_full_mh_70-10-10-10,95,X-n916-k207,329.179,342.8050537109375,4.13940552
cvrp_full_mh_70-10-10-10,96,X-n936-k151,132.9809619238477,136.62884521484375,2.74316206
cvrp_full_mh_70-10-10-10,97,X-n957-k87,85.465,93.54197692871094,9.45062532
cvrp_full_mh_70-10-10-10,98,X-n979-k58,118.976,121.34386444091797,1.99020344
cvrp_full_mh_70-10-10-10,99,X-n1001-k43,72.355,75.03289794921875,3.70105445
cvrp_full_mh_70-10-10-10,100,Leuven1,101.33893851812927,103.52374267578125,2.15593748
cvrp_full_mh_70-10-10-10,101,Leuven2,56.00553041729513,60.613555908203125,8.22780439
cvrp_full_mh_70-10-10-10,102,Antwerp1,238.87737737737737,246.02548217773438,2.99237411
cvrp_full_mh_70-10-10-10,103,Antwerp2,145.7478739369685,157.23312377929688,7.88021776
cvrp_full_mh_70-10-10-10,104,Ghent1,236.18259557344064,243.4882354736328,3.09321687
cvrp_full_mh_70-10-10-10,105,Ghent2,129.13276553106212,142.8645782470703,10.63387178
cvrp_full_mh_70-10-10-10,106,Brussels1,253.1377396569122,265.7597961425781,4.98624050
cvrp_full_mh_70-10-10-10,107,Brussels2,173.25376128385156,193.18545532226562,11.50433554
cvrp_full_mh_70-10-10-10,108,Flanders1,271.55194659065336,280.43450927734375,3.27103628
cvrp_full_mh_70-10-10-10,109,Flanders2,162.93755588673622,179.61349487304688,10.23455820
cvrp_full_mh_85-5-5-5,0,X-n101-k25,27.982758620689655,28.44799041748047,1.66256588
cvrp_full_mh_85-5-5-5,1,X-n106-k14,26.362,26.597591400146484,0.89367802
cvrp_full_mh_85-5-5-5,2,X-n110-k13,14.971,15.196416854858398,1.50569003
cvrp_full_mh_85-5-5-5,3,X-n115-k10,12.927991886409737,12.963712692260742,0.27630591
cvrp_full_mh_85-5-5-5,4,X-n120-k6,13.439516129032258,13.869247436523438,3.19752068
cvrp_full_mh_85-5-5-5,5,X-n125-k30,56.156723963599596,58.39838790893555,3.99179971
cvrp_full_mh_85-5-5-5,6,X-n129-k18,28.997995991983966,29.98388671875,3.39985814
cvrp_full_mh_85-5-5-5,7,X-n134-k13,12.320541760722348,12.498271942138672,1.44255167
cvrp_full_mh_85-5-5-5,8,X-n139-k10,13.699596774193548,13.901671409606934,1.47504075
cvrp_full_mh_85-5-5-5,9,X-n143-k7,15.77889447236181,16.269529342651367,3.10943755
cvrp_full_mh_85-5-5-5,10,X-n148-k46,43.754279959718026,45.043128967285156,2.94565242
cvrp_full_mh_85-5-5-5,11,X-n153-k22,21.565040650406505,22.24422264099121,3.14945843
cvrp_full_mh_85-5-5-5,12,X-n157-k13,17.560874089490113,17.623647689819336,0.35746285
cvrp_full_mh_85-5-5-5,13,X-n162-k11,14.411824668705403,14.412413597106934,0.00408642
cvrp_full_mh_85-5-5-5,14,X-n167-k10,20.764646464646464,21.546926498413086,3.76736505
cvrp_full_mh_85-5-5-5,15,X-n172-k51,46.96910401647786,47.248783111572266,0.59545333
cvrp_full_mh_85-5-5-5,16,X-n176-k26,47.812,49.01968002319336,2.52589313
cvrp_full_mh_85-5-5-5,17,X-n181-k23,26.80188679245283,26.94536018371582,0.53531079
cvrp_full_mh_85-5-5-5,18,X-n186-k15,24.241967871485944,24.506410598754883,1.09084679
cvrp_full_mh_85-5-5-5,19,X-n190-k8,17.031093279839517,17.286161422729492,1.49766159
cvrp_full_mh_85-5-5-5,20,X-n195-k51,44.269269269269266,44.627445220947266,0.80908485
cvrp_full_mh_85-5-5-5,21,X-n200-k36,60.08,61.63544845581055,2.58896214
cvrp_full_mh_85-5-5-5,22,X-n204-k19,19.584584584584583,19.964256286621094,1.93862525
cvrp_full_mh_85-5-5-5,23,X-n209-k16,30.686686686686688,31.422807693481445,2.39882857
cvrp_full_mh_85-5-5-5,24,X-n214-k11,15.398581560283688,15.893728256225586,3.21553446
cvrp_full_mh_85-5-5-5,25,X-n219-k73,117.595,117.73172760009766,0.11626991
cvrp_full_mh_85-5-5-5,26,X-n223-k34,40.47747747747748,41.484493255615234,2.48784223
cvrp_full_mh_85-5-5-5,27,X-n228-k23,25.742,26.684045791625977,3.65956721
cvrp_full_mh_85-5-5-5,28,X-n233-k16,19.287863590772318,19.44454002380371,0.81230579
cvrp_full_mh_85-5-5-5,29,X-n237-k14,27.06906906906907,28.635400772094727,5.78642619
cvrp_full_mh_85-5-5-5,30,X-n242-k48,82.751,84.05973815917969,1.58153758
cvrp_full_mh_85-5-5-5,31,X-n247-k50,51.91364902506964,52.692344665527344,1.49998248
cvrp_full_mh_85-5-5-5,32,X-n251-k28,38.878391959798996,39.443809509277344,1.45432339
cvrp_full_mh_85-5-5-5,33,X-n256-k16,18.933668341708543,19.11707305908203,0.96866975
cvrp_full_mh_85-5-5-5,34,X-n261-k13,26.584584584584583,27.400943756103516,3.07079905
cvrp_full_mh_85-5-5-5,35,X-n266-k58,75.70511534603811,77.19742584228516,1.97121488
cvrp_full_mh_85-5-5-5,36,X-n270-k35,35.57560483870968,36.410133361816406,2.34578871
cvrp_full_mh_85-5-5-5,37,X-n275-k28,24.25228310502283,24.799495697021484,2.25633434
cvrp_full_mh_85-5-5-5,38,X-n280-k17,33.503,34.5450325012207,3.11026625
cvrp_full_mh_85-5-5-5,39,X-n284-k15,20.7021494370522,21.393877029418945,3.34133223
cvrp_full_mh_85-5-5-5,40,X-n289-k60,95.34168336673346,98.41387939453125,3.22230101
cvrp_full_mh_85-5-5-5,41,X-n294-k50,47.39798994974874,48.46821975708008,2.25796454
cvrp_full_mh_85-5-5-5,42,X-n298-k31,34.26526526526526,35.43729019165039,3.42044609
cvrp_full_mh_85-5-5-5,43,X-n303-k21,22.134419551934826,22.50476837158203,1.67318063
cvrp_full_mh_85-5-5-5,44,X-n308-k13,25.96285140562249,26.733186721801758,2.96706746
cvrp_full_mh_85-5-5-5,45,X-n313-k71,94.4206827309237,96.45783996582031,2.15753284
cvrp_full_mh_85-5-5-5,46,X-n317-k53,78.43343343343344,93.32109832763672,18.98127398
cvrp_full_mh_85-5-5-5,47,X-n322-k28,29.834,30.591556549072266,2.53923895
cvrp_full_mh_85-5-5-5,48,X-n327-k20,27.67035175879397,28.464845657348633,2.87128225
cvrp_full_mh_85-5-5-5,49,X-n331-k15,31.133133133133132,32.573974609375,4.62800024
cvrp_full_mh_85-5-5-5,50,X-n336-k84,139.25025025025025,143.08775329589844,2.75583206
cvrp_full_mh_85-5-5-5,51,X-n344-k43,42.1765295887663,43.03352355957031,2.03192150
cvrp_full_mh_85-5-5-5,52,X-n351-k40,25.896,26.588619232177734,2.67461860
cvrp_full_mh_85-5-5-5,53,X-n359-k29,51.505,52.94498825073242,2.79582225
cvrp_full_mh_85-5-5-5,54,X-n367-k17,24.82480957562568,25.53626251220703,2.86589484
cvrp_full_mh_85-5-5-5,55,X-n376-k94,147.86086086086087,148.0235595703125,0.11003501
cvrp_full_mh_85-5-5-5,56,X-n384-k52,66.07214428857715,67.44725799560547,2.08123063
cvrp_full_mh_85-5-5-5,57,X-n393-k38,38.52970795568983,39.19837951660156,1.73547010
cvrp_full_mh_85-5-5-5,58,X-n401-k29,66.154,66.95740509033203,1.21444673
cvrp_full_mh_85-5-5-5,59,X-n411-k19,19.99188640973631,20.474040985107422,2.41175127
cvrp_full_mh_85-5-5-5,60,X-n420-k130,108.12236710130391,110.72563934326172,2.40770926
cvrp_full_mh_85-5-5-5,61,X-n429-k61,65.71184738955823,67.02227020263672,1.99419567
cvrp_full_mh_85-5-5-5,62,X-n439-k37,36.500501504513544,37.014488220214844,1.40816343
cvrp_full_mh_85-5-5-5,63,X-n449-k29,55.233,56.81898498535156,2.87144458
cvrp_full_mh_85-5-5-5,64,X-n459-k26,25.25,25.967853546142578,2.84298434
cvrp_full_mh_85-5-5-5,65,X-n469-k138,222.2685370741483,229.868896484375,3.41944906
cvrp_full_mh_85-5-5-5,66,X-n480-k70,89.8082329317269,92.0521469116211,2.49856155
cvrp_full_mh_85-5-5-5,67,X-n491-k59,66.54954954954955,68.059326171875,2.26865040
cvrp_full_mh_85-5-5-5,68,X-n502-k39,69.226,69.6366195678711,0.59315802
cvrp_full_mh_85-5-5-5,69,X-n513-k21,24.249498997995993,24.884918212890625,2.62033956
cvrp_full_mh_85-5-5-5,70,X-n524-k153,154.593,157.05886840820312,1.59507119
cvrp_full_mh_85-5-5-5,71,X-n536-k96,94.846,97.27664947509766,2.56273272
cvrp_full_mh_85-5-5-5,72,X-n548-k50,86.7,95.08757019042969,9.67424474
cvrp_full_mh_85-5-5-5,73,X-n561-k42,42.75975975975976,43.767738342285156,2.35730647
cvrp_full_mh_85-5-5-5,74,X-n573-k30,50.673,51.48526382446289,1.60295192
cvrp_full_mh_85-5-5-5,75,X-n586-k159,191.46478873239437,197.29090881347656,3.04291986
cvrp_full_mh_85-5-5-5,76,X-n599-k92,108.451,111.08818817138672,2.43168636
cvrp_full_mh_85-5-5-5,77,X-n613-k62,59.65430861723447,61.134666442871094,2.48156061
cvrp_full_mh_85-5-5-5,78,X-n627-k43,62.226226226226224,64.55207061767578,3.73772368
cvrp_full_mh_85-5-5-5,79,X-n641-k35,63.747747747747745,65.41036224365234,2.60811488
cvrp_full_mh_85-5-5-5,80,X-n655-k131,110.5383022774327,110.9421157836914,0.36531546
cvrp_full_mh_85-5-5-5,81,X-n670-k130,146.47847847847848,150.2329864501953,2.56318062
cvrp_full_mh_85-5-5-5,82,X-n685-k75,68.4789156626506,70.68859100341797,3.22679663
cvrp_full_mh_85-5-5-5,83,X-n701-k44,81.923,83.5945053100586,2.04033704
cvrp_full_mh_85-5-5-5,84,X-n716-k35,44.30337078651685,45.471717834472656,2.63715159
cvrp_full_mh_85-5-5-5,85,X-n733-k159,136.32332332332334,138.0988311767578,1.30242413
cvrp_full_mh_85-5-5-5,86,X-n749-k98,77.89213709677419,79.96465301513672,2.66075113
cvrp_full_mh_85-5-5-5,87,X-n766-k71,114.417,116.67290496826172,1.97165191
cvrp_full_mh_85-5-5-5,88,X-n783-k48,72.53106212424849,74.39270782470703,2.56668749
cvrp_full_mh_85-5-5-5,89,X-n801-k40,73.311,74.57109832763672,1.71883937
cvrp_full_mh_85-5-5-5,90,X-n819-k171,158.121,162.4767303466797,2.75468176
cvrp_full_mh_85-5-5-5,91,X-n837-k142,193.93093093093094,200.0723876953125,3.16682684
cvrp_full_mh_85-5-5-5,92,X-n856-k95,89.05405405405405,90.1148452758789,1.19117679
cvrp_full_mh_85-5-5-5,93,X-n876-k59,99.49799599198397,101.40066528320312,1.91226896
cvrp_full_mh_85-5-5-5,94,X-n895-k37,53.913913913913916,55.74172592163086,3.39024173
cvrp_full_mh_85-5-5-5,95,X-n916-k207,329.179,341.1739196777344,3.64388970
cvrp_full_mh_85-5-5-5,96,X-n936-k151,132.9809619238477,136.76492309570312,2.84549090
cvrp_full_mh_85-5-5-5,97,X-n957-k87,85.465,93.36790466308594,9.24694865
cvrp_full_mh_85-5-5-5,98,X-n979-k58,118.976,121.56661987304688,2.17743064
cvrp_full_mh_85-5-5-5,99,X-n1001-k43,72.355,74.87431335449219,3.48187873
cvrp_full_mh_85-5-5-5,100,Leuven1,101.33893851812927,103.62635803222656,2.25719703
cvrp_full_mh_85-5-5-5,101,Leuven2,56.00553041729513,59.754886627197266,6.69461780
cvrp_full_mh_85-5-5-5,102,Antwerp1,238.87737737737737,245.78485107421875,2.89163996
cvrp_full_mh_85-5-5-5,103,Antwerp2,145.7478739369685,156.6190185546875,7.45887012
cvrp_full_mh_85-5-5-5,104,Ghent1,236.18259557344064,243.59042358398438,3.13648345
cvrp_full_mh_85-5-5-5,105,Ghent2,129.13276553106212,141.926025390625,9.90705946
cvrp_full_mh_85-5-5-5,106,Brussels1,253.1377396569122,265.4119567871094,4.84882939
cvrp_full_mh_85-5-5-5,107,Brussels2,173.25376128385156,192.2051544189453,10.93851758
cvrp_full_mh_85-5-5-5,108,Flanders1,271.55194659065336,280.2825927734375,3.21509247
cvrp_full_mh_85-5-5-5,109,Flanders2,162.93755588673622,179.27252197265625,10.02529220
cvrp_full_mh_97-1-1-1,0,X-n101-k25,27.982758620689655,28.44799041748047,1.66256588
cvrp_full_mh_97-1-1-1,1,X-n106-k14,26.362,26.693632125854492,1.25799304
cvrp_full_mh_97-1-1-1,2,X-n110-k13,14.971,15.193192481994629,1.48415257
cvrp_full_mh_97-1-1-1,3,X-n115-k10,12.927991886409737,12.963715553283691,0.27632804
cvrp_full_mh_97-1-1-1,4,X-n120-k6,13.439516129032258,13.869247436523438,3.19752068
cvrp_full_mh_97-1-1-1,5,X-n125-k30,56.156723963599596,57.909568786621094,3.12134451
cvrp_full_mh_97-1-1-1,6,X-n129-k18,28.997995991983966,29.98388671875,3.39985814
cvrp_full_mh_97-1-1-1,7,X-n134-k13,12.320541760722348,12.498271942138672,1.44255167
cvrp_full_mh_97-1-1-1,8,X-n139-k10,13.699596774193548,13.901671409606934,1.47504075
cvrp_full_mh_97-1-1-1,9,X-n143-k7,15.77889447236181,16.369338989257812,3.74198914
cvrp_full_mh_97-1-1-1,10,X-n148-k46,43.754279959718026,45.043128967285156,2.94565242
cvrp_full_mh_97-1-1-1,11,X-n153-k22,21.565040650406505,22.387168884277344,3.81231943
cvrp_full_mh_97-1-1-1,12,X-n157-k13,17.560874089490113,17.623647689819336,0.35746285
cvrp_full_mh_97-1-1-1,13,X-n162-k11,14.411824668705403,14.412413597106934,0.00408642
cvrp_full_mh_97-1-1-1,14,X-n167-k10,20.764646464646464,21.546926498413086,3.76736505
cvrp_full_mh_97-1-1-1,15,X-n172-k51,46.96910401647786,47.248783111572266,0.59545333
cvrp_full_mh_97-1-1-1,16,X-n176-k26,47.812,49.218753814697266,2.94226097
cvrp_full_mh_97-1-1-1,17,X-n181-k23,26.80188679245283,26.952590942382812,0.56228933
cvrp_full_mh_97-1-1-1,18,X-n186-k15,24.241967871485944,24.506410598754883,1.09084679
cvrp_full_mh_97-1-1-1,19,X-n190-k8,17.031093279839517,17.213481903076172,1.07091553
cvrp_full_mh_97-1-1-1,20,X-n195-k51,44.269269269269266,44.627445220947266,0.80908485
cvrp_full_mh_97-1-1-1,21,X-n200-k36,60.08,61.63544845581055,2.58896214
cvrp_full_mh_97-1-1-1,22,X-n204-k19,19.584584584584583,19.998855590820312,2.11529126
cvrp_full_mh_97-1-1-1,23,X-n209-k16,30.686686686686688,31.422807693481445,2.39882857
cvrp_full_mh_97-1-1-1,24,X-n214-k11,15.398581560283688,15.893728256225586,3.21553446
cvrp_full_mh_97-1-1-1,25,X-n219-k73,117.595,117.73172760009766,0.11626991
cvrp_full_mh_97-1-1-1,26,X-n223-k34,40.47747747747748,41.43107223510742,2.35586508
cvrp_full_mh_97-1-1-1,27,X-n228-k23,25.742,26.675994873046875,3.62829179
cvrp_full_mh_97-1-1-1,28,X-n233-k16,19.287863590772318,19.44454002380371,0.81230579
cvrp_full_mh_97-1-1-1,29,X-n237-k14,27.06906906906907,28.63540267944336,5.78643324
cvrp_full_mh_97-1-1-1,30,X-n242-k48,82.751,84.05973815917969,1.58153758
cvrp_full_mh_97-1-1-1,31,X-n247-k50,51.91364902506964,52.68025588989258,1.47669617
cvrp_full_mh_97-1-1-1,32,X-n251-k28,38.878391959798996,39.44380569458008,1.45431358
cvrp_full_mh_97-1-1-1,33,X-n256-k16,18.933668341708543,19.11707305908203,0.96866975
cvrp_full_mh_97-1-1-1,34,X-n261-k13,26.584584584584583,27.300579071044922,2.69326942
cvrp_full_mh_97-1-1-1,35,X-n266-k58,75.70511534603811,77.19742584228516,1.97121488
cvrp_full_mh_97-1-1-1,36,X-n270-k35,35.57560483870968,36.410133361816406,2.34578871
cvrp_full_mh_97-1-1-1,37,X-n275-k28,24.25228310502283,24.799495697021484,2.25633434
cvrp_full_mh_97-1-1-1,38,X-n280-k17,33.503,34.54067611694336,3.09726328
cvrp_full_mh_97-1-1-1,39,X-n284-k15,20.7021494370522,21.187721252441406,2.34551401
cvrp_full_mh_97-1-1-1,40,X-n289-k60,95.34168336673346,98.15267181396484,2.94833104
cvrp_full_mh_97-1-1-1,41,X-n294-k50,47.39798994974874,48.46821975708008,2.25796454
cvrp_full_mh_97-1-1-1,42,X-n298-k31,34.26526526526526,35.43729019165039,3.42044609
cvrp_full_mh_97-1-1-1,43,X-n303-k21,22.134419551934826,22.50476837158203,1.67318063
cvrp_full_mh_97-1-1-1,44,X-n308-k13,25.96285140562249,26.22186279296875,0.99762304
cvrp_full_mh_97-1-1-1,45,X-n313-k71,94.4206827309237,96.47183227539062,2.17235195
cvrp_full_mh_97-1-1-1,46,X-n317-k53,78.43343343343344,93.31353759765625,18.97163431
cvrp_full_mh_97-1-1-1,47,X-n322-k28,29.834,30.591556549072266,2.53923895
cvrp_full_mh_97-1-1-1,48,X-n327-k20,27.67035175879397,28.47388458251953,2.90394871
cvrp_full_mh_97-1-1-1,49,X-n331-k15,31.133133133133132,32.578880310058594,4.64375741
cvrp_full_mh_97-1-1-1,50,X-n336-k84,139.25025025025025,142.36546325683594,2.23713279
cvrp_full_mh_97-1-1-1,51,X-n344-k43,42.1765295887663,43.03352355957031,2.03192150
cvrp_full_mh_97-1-1-1,52,X-n351-k40,25.896,26.588619232177734,2.67461860
cvrp_full_mh_97-1-1-1,53,X-n359-k29,51.505,52.82441711425781,2.56172627
cvrp_full_mh_97-1-1-1,54,X-n367-k17,24.82480957562568,25.586978912353516,3.07019208
cvrp_full_mh_97-1-1-1,55,X-n376-k94,147.86086086086087,148.0235595703125,0.11003501
cvrp_full_mh_97-1-1-1,56,X-n384-k52,66.07214428857715,67.19184112548828,1.69465794
cvrp_full_mh_97-1-1-1,57,X-n393-k38,38.52970795568983,39.28042221069336,1.94840370
cvrp_full_mh_97-1-1-1,58,X-n401-k29,66.154,67.92761993408203,2.68104715
cvrp_full_mh_97-1-1-1,59,X-n411-k19,19.99188640973631,20.52667236328125,2.67501497
cvrp_full_mh_97-1-1-1,60,X-n420-k130,108.12236710130391,110.72563934326172,2.40770926
cvrp_full_mh_97-1-1-1,61,X-n429-k61,65.71184738955823,66.95346069335938,1.88948166
cvrp_full_mh_97-1-1-1,62,X-n439-k37,36.500501504513544,37.15102767944336,1.78223901
cvrp_full_mh_97-1-1-1,63,X-n449-k29,55.233,56.87044906616211,2.96462091
cvrp_full_mh_97-1-1-1,64,X-n459-k26,25.25,25.884553909301758,2.51308479
cvrp_full_mh_97-1-1-1,65,X-n469-k138,222.2685370741483,228.93026733398438,2.99715396
cvrp_full_mh_97-1-1-1,66,X-n480-k70,89.8082329317269,92.42045593261719,2.90866763
cvrp_full_mh_97-1-1-1,67,X-n491-k59,66.54954954954955,68.20464324951172,2.48700962
cvrp_full_mh_97-1-1-1,68,X-n502-k39,69.226,69.67520904541016,0.64890221
cvrp_full_mh_97-1-1-1,69,X-n513-k21,24.249498997995993,24.83916664123535,2.43166939
cvrp_full_mh_97-1-1-1,70,X-n524-k153,154.593,156.9964141845703,1.55467206
cvrp_full_mh_97-1-1-1,71,X-n536-k96,94.846,97.34598541259766,2.63583642
cvrp_full_mh_97-1-1-1,72,X-n548-k50,86.7,95.10169982910156,9.69054190
cvrp_full_mh_97-1-1-1,73,X-n561-k42,42.75975975975976,43.87883758544922,2.61712842
cvrp_full_mh_97-1-1-1,74,X-n573-k30,50.673,51.676719665527344,1.98077806
cvrp_full_mh_97-1-1-1,75,X-n586-k159,191.46478873239437,197.26841735839844,3.03117281
cvrp_full_mh_97-1-1-1,76,X-n599-k92,108.451,111.12002563476562,2.46104290
cvrp_full_mh_97-1-1-1,77,X-n613-k62,59.65430861723447,61.134666442871094,2.48156061
cvrp_full_mh_97-1-1-1,78,X-n627-k43,62.226226226226224,64.32011413574219,3.36496046
cvrp_full_mh_97-1-1-1,79,X-n641-k35,63.747747747747745,65.24371337890625,2.34669566
cvrp_full_mh_97-1-1-1,80,X-n655-k131,110.5383022774327,111.02175903320312,0.43736582
cvrp_full_mh_97-1-1-1,81,X-n670-k130,146.47847847847848,150.88096618652344,3.00555259
cvrp_full_mh_97-1-1-1,82,X-n685-k75,68.4789156626506,70.1404800415039,2.42638827
cvrp_full_mh_97-1-1-1,83,X-n701-k44,81.923,83.74051666259766,2.21856702
cvrp_full_mh_97-1-1-1,84,X-n716-k35,44.30337078651685,45.630226135253906,2.99493092
cvrp_full_mh_97-1-1-1,85,X-n733-k159,136.32332332332334,138.0988311767578,1.30242413
cvrp_full_mh_97-1-1-1,86,X-n749-k98,77.89213709677419,79.97493743896484,2.67395455
cvrp_full_mh_97-1-1-1,87,X-n766-k71,114.417,116.78702545166016,2.07139276
cvrp_full_mh_97-1-1-1,88,X-n783-k48,72.53106212424849,74.47321319580078,2.67768183
cvrp_full_mh_97-1-1-1,89,X-n801-k40,73.311,74.80268096923828,2.03473008
cvrp_full_mh_97-1-1-1,90,X-n819-k171,158.121,162.4767303466797,2.75468176
cvrp_full_mh_97-1-1-1,91,X-n837-k142,193.93093093093094,199.41416931152344,2.82741817
cvrp_full_mh_97-1-1-1,92,X-n856-k95,89.05405405405405,90.07661437988281,1.14824680
cvrp_full_mh_97-1-1-1,93,X-n876-k59,99.49799599198397,101.48726654052734,1.99930715
cvrp_full_mh_97-1-1-1,94,X-n895-k37,53.913913913913916,55.4896354675293,2.92266215
cvrp_full_mh_97-1-1-1,95,X-n916-k207,329.179,340.710205078125,3.50301966
cvrp_full_mh_97-1-1-1,96,X-n936-k151,132.9809619238477,136.96095275878906,2.99290273
cvrp_full_mh_97-1-1-1,97,X-n957-k87,85.465,93.5399398803711,9.44824183
cvrp_full_mh_97-1-1-1,98,X-n979-k58,118.976,121.76807403564453,2.34675400
cvrp_full_mh_97-1-1-1,99,X-n1001-k43,72.355,75.02538299560547,3.69066823
cvrp_full_mh_97-1-1-1,100,Leuven1,101.33893851812927,103.41030883789062,2.04400238
cvrp_full_mh_97-1-1-1,101,Leuven2,56.00553041729513,60.43214797973633,7.90389365
cvrp_full_mh_97-1-1-1,102,Antwerp1,238.87737737737737,245.31375122070312,2.69442587
cvrp_full_mh_97-1-1-1,103,Antwerp2,145.7478739369685,157.19573974609375,7.85456796
cvrp_full_mh_97-1-1-1,104,Ghent1,236.18259557344064,242.9064178466797,2.84687458
cvrp_full_mh_97-1-1-1,105,Ghent2,129.13276553106212,141.6463165283203,9.69045381
cvrp_full_mh_97-1-1-1,106,Brussels1,253.1377396569122,265.4884033203125,4.87902897
cvrp_full_mh_97-1-1-1,107,Brussels2,173.25376128385156,192.59181213378906,11.16169179
cvrp_full_mh_97-1-1-1,108,Flanders1,271.55194659065336,279.8912658691406,3.07098490
cvrp_full_mh_97-1-1-1,109,Flanders2,162.93755588673622,179.1376953125,9.94254476
cvrp_full_single,0,X-n101-k25,27.982758620689655,28.665239334106445,2.43893293
cvrp_full_single,1,X-n106-k14,26.362,26.7716064453125,1.55377606
cvrp_full_single,2,X-n110-k13,14.971,15.216873168945312,1.64232963
cvrp_full_single,3,X-n115-k10,12.927991886409737,12.963717460632324,0.27634280
cvrp_full_single,4,X-n120-k6,13.439516129032258,13.90383529663086,3.45488009
cvrp_full_single,5,X-n125-k30,56.156723963599596,58.3983154296875,3.99167065
cvrp_full_single,6,X-n129-k18,28.997995991983966,29.621469497680664,2.15005722
cvrp_full_single,7,X-n134-k13,12.320541760722348,12.412303924560547,0.74479001
cvrp_full_single,8,X-n139-k10,13.699596774193548,13.7771577835083,0.56615542
cvrp_full_single,9,X-n143-k7,15.77889447236181,15.820793151855469,0.26553622
cvrp_full_single,10,X-n148-k46,43.754279959718026,45.502647399902344,3.99587753
cvrp_full_single,11,X-n153-k22,21.565040650406505,21.977977752685547,1.91484500
cvrp_full_single,12,X-n157-k13,17.560874089490113,17.73164176940918,0.97243269
cvrp_full_single,13,X-n162-k11,14.411824668705403,14.47120475769043,0.41202339
cvrp_full_single,14,X-n167-k10,20.764646464646464,21.2938289642334,2.54847825
cvrp_full_single,15,X-n172-k51,46.96910401647786,47.53696823120117,1.20901649
cvrp_full_single,16,X-n176-k26,47.812,48.83395004272461,2.13743421
cvrp_full_single,17,X-n181-k23,26.80188679245283,26.9890079498291,0.69816412
cvrp_full_single,18,X-n186-k15,24.241967871485944,24.873703002929688,2.60595648
cvrp_full_single,19,X-n190-k8,17.031093279839517,17.298280715942383,1.56882140
cvrp_full_single,20,X-n195-k51,44.269269269269266,44.69876480102539,0.97018889
cvrp_full_single,21,X-n200-k36,60.08,62.3687629699707,3.80952558
cvrp_full_single,22,X-n204-k19,19.584584584584583,19.94137954711914,1.82181532
cvrp_full_single,23,X-n209-k16,30.686686686686688,31.399518966674805,2.32293661
cvrp_full_single,24,X-n214-k11,15.398581560283688,16.021411895751953,4.04472537
cvrp_full_single,25,X-n219-k73,117.595,117.73532104492188,0.11932569
cvrp_full_single,26,X-n223-k34,40.47747747747748,41.3539924621582,2.16543876
cvrp_full_single,27,X-n228-k23,25.742,26.164060592651367,1.63957965
cvrp_full_single,28,X-n233-k16,19.287863590772318,19.529254913330078,1.25151923
cvrp_full_single,29,X-n237-k14,27.06906906906907,28.541322708129883,5.43887799
cvrp_full_single,30,X-n242-k48,82.751,83.43670654296875,0.82863838
cvrp_full_single,31,X-n247-k50,51.91364902506964,52.5804443359375,1.28443160
cvrp_full_single,32,X-n251-k28,38.878391959798996,39.5221061706543,1.65571203
cvrp_full_single,33,X-n256-k16,18.933668341708543,19.063779830932617,0.68719641
cvrp_full_single,34,X-n261-k13,26.584584584584583,27.651851654052734,4.01460879
cvrp_full_single,35,X-n266-k58,75.70511534603811,77.21815490722656,1.99859620
cvrp_full_single,36,X-n270-k35,35.57560483870968,36.177955627441406,1.69315685
cvrp_full_single,37,X-n275-k28,24.25228310502283,24.78566551208496,2.19930802
cvrp_full_single,38,X-n280-k17,33.503,34.498844146728516,2.97240291
cvrp_full_single,39,X-n284-k15,20.7021494370522,21.40245246887207,3.38275518
cvrp_full_single,40,X-n289-k60,95.34168336673346,98.02411651611328,2.81349464
cvrp_full_single,41,X-n294-k50,47.39798994974874,48.2517204284668,1.80119554
cvrp_full_single,42,X-n298-k31,34.26526526526526,35.212284088134766,2.76378664
cvrp_full_single,43,X-n303-k21,22.134419551934826,22.663999557495117,2.39256333
cvrp_full_single,44,X-n308-k13,25.96285140562249,26.51626205444336,2.13154803
cvrp_full_single,45,X-n313-k71,94.4206827309237,96.36370086669922,2.05783106
cvrp_full_single,46,X-n317-k53,78.43343343343344,93.30791473388672,18.96446534
cvrp_full_single,47,X-n322-k28,29.834,30.38953399658203,1.86208352
cvrp_full_single,48,X-n327-k20,27.67035175879397,28.15213394165039,1.74114947
cvrp_full_single,49,X-n331-k15,31.133133133133132,32.41295623779297,4.11080728
cvrp_full_single,50,X-n336-k84,139.25025025025025,142.66876220703125,2.45494134
cvrp_full_single,51,X-n344-k43,42.1765295887663,43.04279708862305,2.05390891
cvrp_full_single,52,X-n351-k40,25.896,26.74411964416504,3.27509903
cvrp_full_single,53,X-n359-k29,51.505,52.90630340576172,2.72071334
cvrp_full_single,54,X-n367-k17,24.82480957562568,25.828632354736328,4.04362731
cvrp_full_single,55,X-n376-k94,147.86086086086087,148.02755737304688,0.11273877
cvrp_full_single,56,X-n384-k52,66.07214428857715,67.33859252929688,1.91676576
cvrp_full_single,57,X-n393-k38,38.52970795568983,39.09964370727539,1.47921119
cvrp_full_single,58,X-n401-k29,66.154,67.154296875,1.51207316
cvrp_full_single,59,X-n411-k19,19.99188640973631,20.715309143066406,3.61858165
cvrp_full_single,60,X-n420-k130,108.12236710130391,111.06358337402344,2.72026626
cvrp_full_single,61,X-n429-k61,65.71184738955823,67.29542541503906,2.40988207
cvrp_full_single,62,X-n439-k37,36.500501504513544,36.93198013305664,1.18211699
cvrp_full_single,63,X-n449-k29,55.233,56.80568313598633,2.84736143
cvrp_full_single,64,X-n459-k26,25.25,26.01032066345215,3.01117094
cvrp_full_single,65,X-n469-k138,222.2685370741483,229.5004425048828,3.25367932
cvrp_full_single,66,X-n480-k70,89.8082329317269,92.42717742919922,2.91615191
cvrp_full_single,67,X-n491-k59,66.54954954954955,68.15645599365234,2.41460153
cvrp_full_single,68,X-n502-k39,69.226,69.60047149658203,0.54094054
cvrp_full_single,69,X-n513-k21,24.249498997995993,25.103796005249023,3.52294704
cvrp_full_single,70,X-n524-k153,154.593,158.07022094726562,2.24927451
cvrp_full_single,71,X-n536-k96,94.846,97.20514678955078,2.48734453
cvrp_full_single,72,X-n548-k50,86.7,95.13565063476562,9.72970085
cvrp_full_single,73,X-n561-k42,42.75975975975976,43.892730712890625,2.64961955
cvrp_full_single,74,X-n573-k30,50.673,51.64468002319336,1.91754983
cvrp_full_single,75,X-n586-k159,191.46478873239437,196.04513549804688,2.39226586
cvrp_full_single,76,X-n599-k92,108.451,110.76872253417969,2.13711495
cvrp_full_single,77,X-n613-k62,59.65430861723447,61.306602478027344,2.76978126
cvrp_full_single,78,X-n627-k43,62.226226226226224,64.71826934814453,4.00481159
cvrp_full_single,79,X-n641-k35,63.747747747747745,65.39461517333984,2.58341272
cvrp_full_single,80,X-n655-k131,110.5383022774327,110.95068359375,0.37306645
cvrp_full_single,81,X-n670-k130,146.47847847847848,150.5717315673828,2.79443993
cvrp_full_single,82,X-n685-k75,68.4789156626506,70.18946838378906,2.49792612
cvrp_full_single,83,X-n701-k44,81.923,83.97850799560547,2.50907315
cvrp_full_single,84,X-n716-k35,44.30337078651685,45.408226013183594,2.49384010
cvrp_full_single,85,X-n733-k159,136.32332332332334,138.52716064453125,1.61662529
cvrp_full_single,86,X-n749-k98,77.89213709677419,79.61495971679688,2.21180556
cvrp_full_single,87,X-n766-k71,114.417,117.73747253417969,2.90207970
cvrp_full_single,88,X-n783-k48,72.53106212424849,74.66831970214844,2.94667900
cvrp_full_single,89,X-n801-k40,73.311,74.60482025146484,1.76483782
cvrp_full_single,90,X-n819-k171,158.121,162.54286193847656,2.79650517
cvrp_full_single,91,X-n837-k142,193.93093093093094,199.36050415039062,2.79974586
cvrp_full_single,92,X-n856-k95,89.05405405405405,90.12802124023438,1.20597226
cvrp_full_single,93,X-n876-k59,99.49799599198397,101.46395111083984,1.97587409
cvrp_full_single,94,X-n895-k37,53.913913913913916,55.76924514770508,3.44128463
cvrp_full_single,95,X-n916-k207,329.179,341.8961181640625,3.86328355
cvrp_full_single,96,X-n936-k151,132.9809619238477,137.0368194580078,3.04995352
cvrp_full_single,97,X-n957-k87,85.465,93.48615264892578,9.38530703
cvrp_full_single,98,X-n979-k58,118.976,121.62184143066406,2.22384467
cvrp_full_single,99,X-n1001-k43,72.355,74.81193542480469,3.39566778
cvrp_full_single,100,Leuven1,101.33893851812927,103.15499114990234,1.79205808
cvrp_full_single,101,Leuven2,56.00553041729513,60.417152404785156,7.87711848
cvrp_full_single,102,Antwerp1,238.87737737737737,246.42567443847656,3.15990453
cvrp_full_single,103,Antwerp2,145.7478739369685,157.67196655273438,8.18131496
cvrp_full_single,104,Ghent1,236.18259557344064,243.77957153320312,3.21656892
cvrp_full_single,105,Ghent2,129.13276553106212,142.82936096191406,10.60659963
cvrp_full_single,106,Brussels1,253.1377396569122,265.60711669921875,4.92592573
cvrp_full_single,107,Brussels2,173.25376128385156,192.62161254882812,11.17889223
cvrp_full_single,108,Flanders1,271.55194659065336,280.61358642578125,3.33698209
cvrp_full_single,109,Flanders2,162.93755588673622,178.9008026123047,9.79715612
tsp_full_mh_100-0-0-0,0,wi29,27603.0,27601.166015625,-0.00664415
tsp_full_mh_100-0-0-0,1,dj38,6656.0,6659.4384765625,0.05165980
tsp_full_mh_100-0-0-0,2,eil51,426.0,428.8717956542969,0.67413044
tsp_full_mh_100-0-0-0,3,berlin52,7542.0,7544.365234375,0.03136084
tsp_full_mh_100-0-0-0,4,st70,675.0,677.1094970703125,0.31251808
tsp_full_mh_100-0-0-0,5,eil76,538.0,544.3690185546875,1.18383245
tsp_full_mh_100-0-0-0,6,pr76,108159.0,108159.421875,0.00039005
tsp_full_mh_100-0-0-0,7,rat99,1211.0,1219.2432861328125,0.68070075
tsp_full_mh_100-0-0-0,8,kroA100,21282.0,21285.435546875,0.01614297
tsp_full_mh_100-0-0-0,9,kroB100,22141.0,22139.068359375,-0.00872427
tsp_full_mh_100-0-0-0,10,kroC100,20749.0,20750.7578125,0.00847179
tsp_full_mh_100-0-0-0,11,kroD100,21294.0,21294.287109375,0.00134831
tsp_full_mh_100-0-0-0,12,kroE100,22068.0,22119.892578125,0.23514853
tsp_full_mh_100-0-0-0,13,rd100,7910.0,7910.39404296875,0.00498158
tsp_full_mh_100-0-0-0,14,eil101,629.0,640.2115478515625,1.78244004
tsp_full_mh_100-0-0-0,15,lin105,14379.0,14382.9931640625,0.02777081
tsp_full_mh_100-0-0-0,16,pr107,44303.0,44301.67578125,-0.00298900
tsp_full_mh_100-0-0-0,17,pr124,59030.0,59030.7265625,0.00123084
tsp_full_mh_100-0-0-0,18,bier127,118282.0,118293.46875,0.00969611
tsp_full_mh_100-0-0-0,19,ch130,6110.0,6110.7197265625,0.01177949
tsp_full_mh_100-0-0-0,20,xqf131,564.0,566.4210815429688,0.42926978
tsp_full_mh_100-0-0-0,21,pr136,96772.0,96785.859375,0.01432168
tsp_full_mh_100-0-0-0,22,pr144,58537.0,58535.21875,-0.00304295
tsp_full_mh_100-0-0-0,23,ch150,6528.0,6530.900390625,0.04443000
tsp_full_mh_100-0-0-0,24,kroA150,26524.0,26524.859375,0.00323999
tsp_full_mh_100-0-0-0,25,kroB150,26130.0,26127.349609375,-0.01014309
tsp_full_mh_100-0-0-0,26,pr152,73682.0,73683.625,0.00220542
tsp_full_mh_100-0-0-0,27,u159,42080.0,42075.65234375,-0.01033188
tsp_full_mh_100-0-0-0,28,qa194,9352.0,9376.6435546875,0.26351106
tsp_full_mh_100-0-0-0,29,rat195,2323.0,2333.872802734375,0.46805005
tsp_full_mh_100-0-0-0,30,d198,15780.0,15812.1240234375,0.20357429
tsp_full_mh_100-0-0-0,31,kroA200,29368.0,29369.3984375,0.00476177
tsp_full_mh_100-0-0-0,32,kroB200,29437.0,29440.40234375,0.01155805
tsp_full_mh_100-0-0-0,33,ts225,126643.0,126645.921875,0.00230717
tsp_full_mh_100-0-0-0,34,tsp225,3916.0,3865.005615234375,-1.30220594
tsp_full_mh_100-0-0-0,35,pr226,80369.0,80370.234375,0.00153588
tsp_full_mh_100-0-0-0,36,xqg237,1019.0,1031.225830078125,1.19978705
tsp_full_mh_100-0-0-0,37,gil262,2378.0,2386.635498046875,0.36314121
tsp_full_mh_100-0-0-0,38,pr264,49135.0,49134.99609375,-0.00000795
tsp_full_mh_100-0-0-0,39,a280,2579.0,2586.769287109375,0.30125192
tsp_full_mh_100-0-0-0,40,pr299,48191.0,48286.75390625,0.19869666
tsp_full_mh_100-0-0-0,41,lin318,42029.0,42327.125,0.70933165
tsp_full_mh_100-0-0-0,42,pma343,1368.0,1388.3267822265625,1.48587589
tsp_full_mh_100-0-0-0,43,pka379,1332.0,1344.4102783203125,0.93170258
tsp_full_mh_100-0-0-0,44,bcl380,1621.0,1663.6578369140625,2.63157538
tsp_full_mh_100-0-0-0,45,pbl395,1281.0,1296.63916015625,1.22085559
tsp_full_mh_100-0-0-0,46,rd400,15281.0,15348.9599609375,0.44473504
tsp_full_mh_100-0-0-0,47,pbk411,1343.0,1362.5631103515625,1.45667240
tsp_full_mh_100-0-0-0,48,fl417,11861.0,11914.306640625,0.44942788
tsp_full_mh_100-0-0-0,49,pbn423,1365.0,1382.7698974609375,1.30182399
tsp_full_mh_100-0-0-0,50,pbm436,1443.0,1462.5125732421875,1.35222268
tsp_full_mh_100-0-0-0,51,pr439,107217.0,109296.3671875,1.93940064
tsp_full_mh_100-0-0-0,52,pcb442,50778.0,51070.796875,0.57662152
tsp_full_mh_100-0-0-0,53,d493,35002.0,35130.78515625,0.36793656
tsp_full_mh_100-0-0-0,54,u574,36905.0,37071.765625,0.45187813
tsp_full_mh_100-0-0-0,55,rat575,6773.0,6863.40478515625,1.33478200
tsp_full_mh_100-0-0-0,56,p654,34643.0,34646.83203125,0.01106149
tsp_full_mh_100-0-0-0,57,d657,48912.0,49021.265625,0.22339227
tsp_full_mh_100-0-0-0,58,xql662,2513.0,2570.08642578125,2.27164448
tsp_full_mh_100-0-0-0,59,rbx711,3115.0,3147.12353515625,1.03125314
tsp_full_mh_100-0-0-0,60,u724,41910.0,42167.421875,0.61422542
tsp_full_mh_100-0-0-0,61,uy734,79114.0,79487.5078125,0.47211342
tsp_full_mh_100-0-0-0,62,rbu737,3314.0,3365.990234375,1.56880611
tsp_full_mh_100-0-0-0,63,rat783,8806.0,8880.775390625,0.84914139
tsp_full_mh_100-0-0-0,64,dkg813,3199.0,3256.24169921875,1.78936228
tsp_full_mh_100-0-0-0,65,zi929,95345.0,95810.2421875,0.48795657
tsp_full_mh_100-0-0-0,66,lim963,2789.0,2844.298583984375,1.98273876
tsp_full_mh_100-0-0-0,67,lu980,11340.0,11365.6748046875,0.22640921
tsp_full_mh_100-0-0-0,68,pbd984,2797.0,2841.520263671875,1.59171483
tsp_full_mh_100-0-0-0,69,portcgen-1000-1000,11387430.0,11413501.0,0.22894542
tsp_full_mh_100-0-0-0,70,portcgen-1000-10001,11376735.0,11411852.0,0.30867380
tsp_full_mh_100-0-0-0,71,portcgen-1000-10002,10855033.0,10997259.0,1.31023093
tsp_full_mh_100-0-0-0,72,portcgen-1000-10003,11886457.0,11920359.0,0.28521535
tsp_full_mh_100-0-0-0,73,portcgen-1000-10004,11499958.0,11566822.0,0.58142821
tsp_full_mh_100-0-0-0,74,portcgen-1000-10005,11394911.0,11424714.0,0.26154658
tsp_full_mh_100-0-0-0,75,portcgen-1000-10006,10166701.0,10205906.0,0.38562165
tsp_full_mh_100-0-0-0,76,portcgen-1000-10007,10664660.0,10711902.0,0.44297709
tsp_full_mh_100-0-0-0,77,portcgen-1000-10008,11605723.0,11688897.0,0.71666367
tsp_full_mh_100-0-0-0,78,portcgen-1000-10009,10906997.0,10948381.0,0.37942616
tsp_full_mh_100-0-0-0,79,dsj1000,18660188.0,18793260.0,0.71313322
tsp_full_mh_100-0-0-0,80,pr1002,259045.0,261978.609375,1.13247095
tsp_full_mh_100-0-0-0,81,u1060,224094.0,226239.546875,0.95743165
tsp_full_mh_100-0-0-0,82,xit1083,3558.0,3628.5498046875,1.98285005
tsp_full_mh_100-0-0-0,83,vm1084,239297.0,240869.890625,0.65729642
tsp_full_mh_100-0-0-0,84,pcb1173,56892.0,57324.1953125,0.75967678
tsp_full_mh_100-0-0-0,85,d1291,50801.0,51252.46875,0.88870052
tsp_full_mh_100-0-0-0,86,rl1304,252948.0,257965.75,1.98370811
tsp_full_mh_100-0-0-0,87,rl1323,270199.0,272278.28125,0.76953699
tsp_full_mh_100-0-0-0,88,dka1376,4666.0,4758.24267578125,1.97691118
tsp_full_mh_100-0-0-0,89,nrw1379,56638.0,57302.1328125,1.17259227
tsp_full_mh_100-0-0-0,90,dca1389,5085.0,5176.15771484375,1.79267876
tsp_full_mh_100-0-0-0,91,fl1400,20127.0,20486.9921875,1.78860331
tsp_full_mh_100-0-0-0,92,u1432,152970.0,155241.890625,1.48518705
tsp_full_mh_100-0-0-0,93,dja1436,5257.0,5353.10546875,1.82814283
tsp_full_mh_100-0-0-0,94,icw1483,4416.0,4489.26513671875,1.65908371
tsp_full_mh_100-0-0-0,95,fra1488,4264.0,4346.86962890625,1.94347160
tsp_full_mh_100-0-0-0,96,fl1577,22249.0,22299.32421875,0.22618643
tsp_full_mh_100-0-0-0,97,rbv1583,5387.0,5488.19482421875,1.87850054
tsp_full_mh_100-0-0-0,98,rby1599,5533.0,5648.10595703125,2.08035346
tsp_full_mh_100-0-0-0,99,fnb1615,4956.0,5049.74609375,1.89156767
tsp_full_mh_100-0-0-0,100,rw1621,26051.0,26388.689453125,1.29626292
tsp_full_mh_100-0-0-0,101,d1655,62128.0,62970.5703125,1.35618451
tsp_full_mh_100-0-0-0,102,vm1748,336556.0,339089.59375,0.75280005
tsp_full_mh_100-0-0-0,103,djc1785,6115.0,6212.84814453125,1.60013319
tsp_full_mh_100-0-0-0,104,u1817,57201.0,58298.00390625,1.91780547
tsp_full_mh_100-0-0-0,105,rl1889,316536.0,317814.71875,0.40397261
tsp_full_mh_100-0-0-0,106,dcc1911,6396.0,6544.42822265625,2.32064138
tsp_full_mh_100-0-0-0,107,dkd1973,6421.0,6532.43603515625,1.73549346
tsp_full_mh_100-0-0-0,108,mu1979,86891.0,87448.25,0.64132074
tsp_full_mh_100-0-0-0,109,djb2036,6197.0,6359.6767578125,2.62508888
tsp_full_mh_100-0-0-0,110,dcb2086,6600.0,6783.54931640625,2.78105025
tsp_full_mh_100-0-0-0,111,d2103,80450.0,80877.75,0.53169671
tsp_full_mh_100-0-0-0,112,bva2144,6304.0,6463.1572265625,2.52470220
tsp_full_mh_100-0-0-0,113,u2152,64253.0,65780.171875,2.37681023
tsp_full_mh_100-0-0-0,114,xqc2175,6830.0,6992.34130859375,2.37688592
tsp_full_mh_100-0-0-0,115,bck2217,6764.0,6924.64453125,2.37499307
tsp_full_mh_100-0-0-0,116,xpr2308,7219.0,7387.78466796875,2.33806161
tsp_full_mh_100-0-0-0,117,u2319,234256.0,237478.6875,1.37571183
tsp_full_mh_100-0-0-0,118,ley2323,8352.0,8543.9052734375,2.29771640
tsp_full_mh_100-0-0-0,119,dea2382,8017.0,8188.4326171875,2.13836369
tsp_full_mh_100-0-0-0,120,pr2392,378032.0,383413.25,1.42349060
tsp_full_mh_100-0-0-0,121,rbw2481,7724.0,7951.4248046875,2.94439157
tsp_full_mh_100-0-0-0,122,pds2566,7643.0,7814.77783203125,2.24751841
tsp_full_mh_100-0-0-0,123,mlt2597,8071.0,8288.0361328125,2.68908602
tsp_full_mh_100-0-0-0,124,bch2762,8234.0,8435.8779296875,2.45176014
tsp_full_mh_100-0-0-0,125,irw2802,8423.0,8591.7939453125,2.00396468
tsp_full_mh_100-0-0-0,126,lsm2854,8014.0,8235.9375,2.76937235
tsp_full_mh_100-0-0-0,127,dbj2924,10128.0,10379.0712890625,2.47898192
tsp_full_mh_100-0-0-0,128,xva2993,8492.0,8718.0888671875,2.66237479
tsp_full_mh_100-0-0-0,129,pcb3038,137694.0,139255.25,1.13385478
tsp_full_mh_100-0-0-0,130,pia3056,8258.0,8411.7392578125,1.86170087
tsp_full_mh_100-0-0-0,131,dke3097,10539.0,10798.2841796875,2.46023512
tsp_full_mh_100-0-0-0,132,lsn3119,9114.0,9320.5869140625,2.26669864
tsp_full_mh_100-0-0-0,133,lta3140,9517.0,9741.1943359375,2.35572487
tsp_full_mh_100-0-0-0,134,portcgen-3162-3162,19198258.0,19315030.0,0.60824269
tsp_full_mh_100-0-0-0,135,portcgen-3162-31621,19017805.0,19654722.0,3.34905632
tsp_full_mh_100-0-0-0,136,portcgen-3162-31622,19547551.0,19760602.0,1.08991147
tsp_full_mh_100-0-0-0,137,portcgen-3162-31623,19108508.0,19516832.0,2.13687013
tsp_full_mh_100-0-0-0,138,portcgen-3162-31624,18864046.0,19418826.0,2.94093855
tsp_full_mh_100-0-0-0,139,fdp3256,10008.0,10186.5263671875,1.78383660
tsp_full_mh_100-0-0-0,140,beg3293,9772.0,10058.52734375,2.93212591
tsp_full_mh_100-0-0-0,141,dhb3386,11137.0,11415.904296875,2.50430364
tsp_full_mh_100-0-0-0,142,nu3496,96132.0,97175.6953125,1.08568979
tsp_full_mh_100-0-0-0,143,fjs3649,9272.0,9457.109375,1.99643416
tsp_full_mh_100-0-0-0,144,fjr3672,9601.0,9796.998046875,2.04143367
tsp_full_mh_100-0-0-0,145,dlb3694,10959.0,11204.0712890625,2.23625595
tsp_full_mh_100-0-0-0,146,ltb3729,11821.0,12130.0966796875,2.61480991
tsp_full_mh_100-0-0-0,147,fl3795,28772.0,29094.45703125,1.12073207
tsp_full_mh_100-0-0-0,148,xqe3891,11995.0,12320.8837890625,2.71683025
tsp_full_mh_100-0-0-0,149,xua3937,11239.0,11535.703125,2.63994239
tsp_full_mh_100-0-0-0,150,dkc3938,12503.0,12834.828125,2.65398804
tsp_full_mh_100-0-0-0,151,dkf3954,12538.0,12910.330078125,2.96961300
tsp_full_mh_100-0-0-0,152,bgb4355,12723.0,13039.533203125,2.48788181
tsp_full_mh_100-0-0-0,153,bgd4396,13009.0,13401.8818359375,3.02007715
tsp_full_mh_100-0-0-0,154,frv4410,10711.0,10973.5625,2.45133508
tsp_full_mh_100-0-0-0,155,fnl4461,182566.0,185926.359375,1.84062716
tsp_full_mh_100-0-0-0,156,bgf4475,13221.0,13540.1865234375,2.41423889
tsp_full_mh_100-0-0-0,157,ca4663,1290319.0,1300001.625,0.75040552
tsp_full_mh_100-0-0-0,158,xqd4966,15316.0,15744.873046875,2.80016353
tsp_full_mh_100-0-0-0,159,fqm5087,13029.0,13322.482421875,2.25253221
tsp_full_mh_100-0-0-0,160,fea5557,15445.0,15784.2646484375,2.19659857
tsp_full_mh_100-0-0-0,161,rl5915,565530.0,571212.8125,1.00486491
tsp_full_mh_100-0-0-0,162,rl5934,556045.0,561748.8125,1.02578254
tsp_full_mh_100-0-0-0,163,tz6117,394718.0,399953.09375,1.32628706
tsp_full_mh_100-0-0-0,164,xsc6880,21535.0,22204.001953125,3.10657977
tsp_full_mh_100-0-0-0,165,eg7146,172386.0,174664.734375,1.32187902
tsp_full_mh_100-0-0-0,166,bnd7168,21834.0,22434.509765625,2.75034243
tsp_full_mh_100-0-0-0,167,pla7397,23260728.0,23585544.0,1.39641373
tsp_full_mh_100-0-0-0,168,lap7454,19535.0,20154.302734375,3.17022132
tsp_full_mh_100-0-0-0,169,ym7663,238314.0,242735.796875,1.85544990
tsp_full_mh_100-0-0-0,170,pm8079,114855.0,115699.7890625,0.73552659
tsp_full_mh_100-0-0-0,171,ida8197,22338.0,22891.373046875,2.47727212
tsp_full_mh_100-0-0-0,172,ei8246,206171.0,209915.40625,1.81616534
tsp_full_mh_100-0-0-0,173,ar9152,837479.0,848781.5625,1.34959354
tsp_full_mh_100-0-0-0,174,dga9698,27724.0,28625.16796875,3.25049765
tsp_full_mh_100-0-0-0,175,ja9847,491924.0,504016.75,2.45825575
tsp_full_mh_100-0-0-0,176,gr9882,300899.0,305743.46875,1.60999829
tsp_full_mh_100-0-0-0,177,kz9976,1061881.0,1079190.25,1.63005553
tsp_full_mh_100-0-0-0,178,portcgen-10000-10000,33001034.0,34445664.0,4.37752950
tsp_full_mh_100-0-0-0,179,portcgen-10000-100001,33186248.0,34184648.0,3.00847508
tsp_full_mh_100-0-0-0,180,portcgen-10000-100002,33155424.0,33892700.0,2.22369649
tsp_full_mh_100-0-0-0,181,xmc10150,28387.0,29245.673828125,3.02488402
tsp_full_mh_100-0-0-0,182,fi10639,520527.0,528304.375,1.49413479
tsp_full_mh_100-0-0-0,183,rl11849,923288.0,936248.625,1.40374672
tsp_full_mh_100-0-0-0,184,usa13509,19982859.0,20362938.0,1.90202513
tsp_full_mh_100-0-0-0,185,xvb13584,37083.0,38323.95703125,3.34643106
tsp_full_mh_100-0-0-0,186,brd14051,469385.0,481058.0625,2.48688443
tsp_full_mh_100-0-0-0,187,mo14185,427377.0,435404.71875,1.87836939
tsp_full_mh_100-0-0-0,188,xrb14233,45462.0,47157.65625,3.72983206
tsp_full_mh_100-0-0-0,189,ho14473,177092.0,178317.28125,0.69188967
tsp_full_mh_100-0-0-0,190,d15112,1573084.0,1613863.75,2.59234408
tsp_full_mh_100-0-0-0,191,it16862,557315.0,570551.4375,2.37503701
tsp_full_mh_100-0-0-0,192,xia16928,52850.0,54471.36328125,3.06785862
tsp_full_mh_100-0-0-0,193,pjh17845,48092.0,49656.515625,3.25317231
tsp_full_mh_100-0-0-0,194,d18512,645238.0,663851.6875,2.88477856
tsp_full_mh_100-0-0-0,195,frh19289,55798.0,57900.859375,3.76870027
tsp_full_mh_100-0-0-0,196,fnc19402,59287.0,61051.08984375,2.97550870
tsp_full_mh_100-0-0-0,197,ido21215,63517.0,65893.796875,3.74198541
tsp_full_mh_100-0-0-0,198,fma21553,66527.0,68652.25,3.19456762
tsp_full_mh_100-0-0-0,199,vm22775,569288.0,583625.0,2.51840896
tsp_full_mh_100-0-0-0,200,lsb22777,60977.0,63428.53515625,4.02042599
tsp_full_mh_100-0-0-0,201,xrh24104,69294.0,72283.5234375,4.31426016
tsp_full_mh_100-0-0-0,202,sw24978,855597.0,878603.25,2.68891195
tsp_full_mh_100-0-0-0,203,bbz25234,69335.0,72353.3125,4.35323069
tsp_full_mh_100-0-0-0,204,irx28268,72607.0,75622.640625,4.15337450
tsp_full_mh_100-0-0-0,205,fyg28534,78562.0,82119.125,4.52779334
tsp_full_mh_100-0-0-0,206,icx28698,78087.0,81558.046875,4.44510210
tsp_full_mh_100-0-0-0,207,boa28924,79622.0,83122.640625,4.39657460
tsp_full_mh_100-0-0-0,208,ird29514,80353.0,83900.71875,4.41516652
tsp_full_mh_100-0-0-0,209,pbh30440,88313.0,92428.578125,4.66021778
tsp_full_mh_100-0-0-0,210,portcgen-31623-31623,59545390.0,63585076.0,6.78421285
tsp_full_mh_100-0-0-0,211,portcgen-31623-316231,59293266.0,63376044.0,6.88573640
tsp_full_mh_100-0-0-0,212,xib32892,96757.0,100907.3125,4.28941834
tsp_full_mh_100-0-0-0,213,fry33203,97240.0,101853.203125,4.74414143
tsp_full_mh_100-0-0-0,214,bm33708,959289.0,993661.125,3.58308341
tsp_full_mh_100-0-0-0,215,pla33810,66048945.0,68258840.0,3.34584451
tsp_full_mh_100-0-0-0,216,bby34656,99159.0,104321.6875,5.20647395
tsp_full_mh_100-0-0-0,217,pba38478,108318.0,113894.796875,5.14854122
tsp_full_mh_100-0-0-0,218,ics39603,106819.0,112892.0859375,5.68539861
tsp_full_mh_100-0-0-0,219,rbz43748,125183.0,132467.890625,5.81939291
tsp_full_mh_100-0-0-0,220,fht47608,125104.0,131619.609375,5.20815432
tsp_full_mh_100-0-0-0,221,fna52057,147789.0,157318.921875,6.44832963
tsp_full_mh_100-0-0-0,222,bna56769,158078.0,168998.28125,6.90816005
tsp_full_mh_100-0-0-0,223,dan59296,165371.0,176684.609375,6.84135028
tsp_full_mh_100-0-0-0,224,ch71009,4566506.0,4809213.5,5.31494977
tsp_full_mh_100-0-0-0,225,pla85900,142382641.0,151123104.0,6.13871392
tsp_full_mh_100-0-0-0,226,portcgen-100000-100000,104617752.0,117481088.0,12.29555764
tsp_full_mh_100-0-0-0,227,portcgen-100000-1000001,105390777.0,118753968.0,12.67965887
tsp_full_mh_25-25-25-25,0,wi29,27603.0,27601.166015625,-0.00664415
tsp_full_mh_25-25-25-25,1,dj38,6656.0,6659.4384765625,0.05165980
tsp_full_mh_25-25-25-25,2,eil51,426.0,428.8717956542969,0.67413044
tsp_full_mh_25-25-25-25,3,berlin52,7542.0,7544.365234375,0.03136084
tsp_full_mh_25-25-25-25,4,st70,675.0,677.1094970703125,0.31251808
tsp_full_mh_25-25-25-25,5,eil76,538.0,544.3690185546875,1.18383245
tsp_full_mh_25-25-25-25,6,pr76,108159.0,108159.421875,0.00039005
tsp_full_mh_25-25-25-25,7,rat99,1211.0,1219.2432861328125,0.68070075
tsp_full_mh_25-25-25-25,8,kroA100,21282.0,21285.435546875,0.01614297
tsp_full_mh_25-25-25-25,9,kroB100,22141.0,22139.068359375,-0.00872427
tsp_full_mh_25-25-25-25,10,kroC100,20749.0,20750.7578125,0.00847179
tsp_full_mh_25-25-25-25,11,kroD100,21294.0,21294.287109375,0.00134831
tsp_full_mh_25-25-25-25,12,kroE100,22068.0,22119.892578125,0.23514853
tsp_full_mh_25-25-25-25,13,rd100,7910.0,7910.39404296875,0.00498158
tsp_full_mh_25-25-25-25,14,eil101,629.0,640.2115478515625,1.78244004
tsp_full_mh_25-25-25-25,15,lin105,14379.0,14382.9931640625,0.02777081
tsp_full_mh_25-25-25-25,16,pr107,44303.0,44301.67578125,-0.00298900
tsp_full_mh_25-25-25-25,17,pr124,59030.0,59030.7265625,0.00123084
tsp_full_mh_25-25-25-25,18,bier127,118282.0,118293.4609375,0.00968950
tsp_full_mh_25-25-25-25,19,ch130,6110.0,6110.7197265625,0.01177949
tsp_full_mh_25-25-25-25,20,xqf131,564.0,566.4210815429688,0.42926978
tsp_full_mh_25-25-25-25,21,pr136,96772.0,96770.921875,-0.00111409
tsp_full_mh_25-25-25-25,22,pr144,58537.0,58535.21875,-0.00304295
tsp_full_mh_25-25-25-25,23,ch150,6528.0,6530.900390625,0.04443000
tsp_full_mh_25-25-25-25,24,kroA150,26524.0,26524.859375,0.00323999
tsp_full_mh_25-25-25-25,25,kroB150,26130.0,26127.349609375,-0.01014309
tsp_full_mh_25-25-25-25,26,pr152,73682.0,73683.625,0.00220542
tsp_full_mh_25-25-25-25,27,u159,42080.0,42075.65234375,-0.01033188
tsp_full_mh_25-25-25-25,28,qa194,9352.0,9376.6435546875,0.26351106
tsp_full_mh_25-25-25-25,29,rat195,2323.0,2333.872802734375,0.46805005
tsp_full_mh_25-25-25-25,30,d198,15780.0,15811.6181640625,0.20036859
tsp_full_mh_25-25-25-25,31,kroA200,29368.0,29369.3984375,0.00476177
tsp_full_mh_25-25-25-25,32,kroB200,29437.0,29440.40234375,0.01155805
tsp_full_mh_25-25-25-25,33,ts225,126643.0,126645.921875,0.00230717
tsp_full_mh_25-25-25-25,34,tsp225,3916.0,3859.0,-1.45556691
tsp_full_mh_25-25-25-25,35,pr226,80369.0,80370.234375,0.00153588
tsp_full_mh_25-25-25-25,36,xqg237,1019.0,1031.225830078125,1.19978705
tsp_full_mh_25-25-25-25,37,gil262,2378.0,2386.635498046875,0.36314121
tsp_full_mh_25-25-25-25,38,pr264,49135.0,49134.99609375,-0.00000795
tsp_full_mh_25-25-25-25,39,a280,2579.0,2586.769287109375,0.30125192
tsp_full_mh_25-25-25-25,40,pr299,48191.0,48286.75390625,0.19869666
tsp_full_mh_25-25-25-25,41,lin318,42029.0,42165.375,0.32447834
tsp_full_mh_25-25-25-25,42,pma343,1368.0,1388.3267822265625,1.48587589
tsp_full_mh_25-25-25-25,43,pka379,1332.0,1344.4102783203125,0.93170258
tsp_full_mh_25-25-25-25,44,bcl380,1621.0,1663.6278076171875,2.62972286
tsp_full_mh_25-25-25-25,45,pbl395,1281.0,1296.63916015625,1.22085559
tsp_full_mh_25-25-25-25,46,rd400,15281.0,15348.9599609375,0.44473504
tsp_full_mh_25-25-25-25,47,pbk411,1343.0,1362.5631103515625,1.45667240
tsp_full_mh_25-25-25-25,48,fl417,11861.0,11914.306640625,0.44942788
tsp_full_mh_25-25-25-25,49,pbn423,1365.0,1382.9385986328125,1.31418305
tsp_full_mh_25-25-25-25,50,pbm436,1443.0,1462.5125732421875,1.35222268
tsp_full_mh_25-25-25-25,51,pr439,107217.0,109296.3671875,1.93940064
tsp_full_mh_25-25-25-25,52,pcb442,50778.0,51086.4140625,0.60737733
tsp_full_mh_25-25-25-25,53,d493,35002.0,35130.78515625,0.36793656
tsp_full_mh_25-25-25-25,54,u574,36905.0,37157.91015625,0.68530052
tsp_full_mh_25-25-25-25,55,rat575,6773.0,6848.8408203125,1.11975226
tsp_full_mh_25-25-25-25,56,p654,34643.0,34646.83203125,0.01106149
tsp_full_mh_25-25-25-25,57,d657,48912.0,49040.703125,0.26313200
tsp_full_mh_25-25-25-25,58,xql662,2513.0,2565.447998046875,2.08706717
tsp_full_mh_25-25-25-25,59,rbx711,3115.0,3164.62060546875,1.59295684
tsp_full_mh_25-25-25-25,60,u724,41910.0,42167.421875,0.61422542
tsp_full_mh_25-25-25-25,61,uy734,79114.0,79538.2265625,0.53622186
tsp_full_mh_25-25-25-25,62,rbu737,3314.0,3365.990234375,1.56880611
tsp_full_mh_25-25-25-25,63,rat783,8806.0,8880.775390625,0.84914139
tsp_full_mh_25-25-25-25,64,dkg813,3199.0,3256.24169921875,1.78936228
tsp_full_mh_25-25-25-25,65,zi929,95345.0,95813.84375,0.49173397
tsp_full_mh_25-25-25-25,66,lim963,2789.0,2843.533447265625,1.95530467
tsp_full_mh_25-25-25-25,67,lu980,11340.0,11365.6748046875,0.22640921
tsp_full_mh_25-25-25-25,68,pbd984,2797.0,2840.796630859375,1.56584308
tsp_full_mh_25-25-25-25,69,portcgen-1000-1000,11387430.0,11413591.0,0.22973577
tsp_full_mh_25-25-25-25,70,portcgen-1000-10001,11376735.0,11411852.0,0.30867380
tsp_full_mh_25-25-25-25,71,portcgen-1000-10002,10855033.0,11004858.0,1.38023532
tsp_full_mh_25-25-25-25,72,portcgen-1000-10003,11886457.0,11920359.0,0.28521535
tsp_full_mh_25-25-25-25,73,portcgen-1000-10004,11499958.0,11566822.0,0.58142821
tsp_full_mh_25-25-25-25,74,portcgen-1000-10005,11394911.0,11423237.0,0.24858465
tsp_full_mh_25-25-25-25,75,portcgen-1000-10006,10166701.0,10205906.0,0.38562165
tsp_full_mh_25-25-25-25,76,portcgen-1000-10007,10664660.0,10711902.0,0.44297709
tsp_full_mh_25-25-25-25,77,portcgen-1000-10008,11605723.0,11688897.0,0.71666367
tsp_full_mh_25-25-25-25,78,portcgen-1000-10009,10906997.0,10962136.0,0.50553787
tsp_full_mh_25-25-25-25,79,dsj1000,18660188.0,18793260.0,0.71313322
tsp_full_mh_25-25-25-25,80,pr1002,259045.0,261946.3125,1.12000328
tsp_full_mh_25-25-25-25,81,u1060,224094.0,225929.359375,0.81901317
tsp_full_mh_25-25-25-25,82,xit1083,3558.0,3628.5498046875,1.98285005
tsp_full_mh_25-25-25-25,83,vm1084,239297.0,240869.890625,0.65729642
tsp_full_mh_25-25-25-25,84,pcb1173,56892.0,57386.72265625,0.86958211
tsp_full_mh_25-25-25-25,85,d1291,50801.0,51289.2421875,0.96108775
tsp_full_mh_25-25-25-25,86,rl1304,252948.0,257965.75,1.98370811
tsp_full_mh_25-25-25-25,87,rl1323,270199.0,272278.28125,0.76953699
tsp_full_mh_25-25-25-25,88,dka1376,4666.0,4758.24267578125,1.97691118
tsp_full_mh_25-25-25-25,89,nrw1379,56638.0,57343.02734375,1.24479562
tsp_full_mh_25-25-25-25,90,dca1389,5085.0,5176.15771484375,1.79267876
tsp_full_mh_25-25-25-25,91,fl1400,20127.0,20486.990234375,1.78859360
tsp_full_mh_25-25-25-25,92,u1432,152970.0,154490.421875,0.99393468
tsp_full_mh_25-25-25-25,93,dja1436,5257.0,5353.10546875,1.82814283
tsp_full_mh_25-25-25-25,94,icw1483,4416.0,4489.26513671875,1.65908371
tsp_full_mh_25-25-25-25,95,fra1488,4264.0,4346.86962890625,1.94347160
tsp_full_mh_25-25-25-25,96,fl1577,22249.0,22299.32421875,0.22618643
tsp_full_mh_25-25-25-25,97,rbv1583,5387.0,5475.720703125,1.64694084
tsp_full_mh_25-25-25-25,98,rby1599,5533.0,5648.10595703125,2.08035346
tsp_full_mh_25-25-25-25,99,fnb1615,4956.0,5051.01416015625,1.91715416
tsp_full_mh_25-25-25-25,100,rw1621,26051.0,26388.689453125,1.29626292
tsp_full_mh_25-25-25-25,101,d1655,62128.0,62983.390625,1.37681983
tsp_full_mh_25-25-25-25,102,vm1748,336556.0,339478.84375,0.86845688
tsp_full_mh_25-25-25-25,103,djc1785,6115.0,6212.84814453125,1.60013319
tsp_full_mh_25-25-25-25,104,u1817,57201.0,58298.00390625,1.91780547
tsp_full_mh_25-25-25-25,105,rl1889,316536.0,317814.71875,0.40397261
tsp_full_mh_25-25-25-25,106,dcc1911,6396.0,6546.73388671875,2.35668991
tsp_full_mh_25-25-25-25,107,dkd1973,6421.0,6532.43603515625,1.73549346
tsp_full_mh_25-25-25-25,108,mu1979,86891.0,87447.9375,0.64096109
tsp_full_mh_25-25-25-25,109,djb2036,6197.0,6359.6767578125,2.62508888
tsp_full_mh_25-25-25-25,110,dcb2086,6600.0,6783.54931640625,2.78105025
tsp_full_mh_25-25-25-25,111,d2103,80450.0,80877.75,0.53169671
tsp_full_mh_25-25-25-25,112,bva2144,6304.0,6463.1572265625,2.52470220
tsp_full_mh_25-25-25-25,113,u2152,64253.0,65780.171875,2.37681023
tsp_full_mh_25-25-25-25,114,xqc2175,6830.0,6992.34130859375,2.37688592
tsp_full_mh_25-25-25-25,115,bck2217,6764.0,6924.64453125,2.37499307
tsp_full_mh_25-25-25-25,116,xpr2308,7219.0,7387.78466796875,2.33806161
tsp_full_mh_25-25-25-25,117,u2319,234256.0,237491.59375,1.38122129
tsp_full_mh_25-25-25-25,118,ley2323,8352.0,8543.9052734375,2.29771640
tsp_full_mh_25-25-25-25,119,dea2382,8017.0,8188.4326171875,2.13836369
tsp_full_mh_25-25-25-25,120,pr2392,378032.0,381758.46875,0.98575484
tsp_full_mh_25-25-25-25,121,rbw2481,7724.0,7951.4248046875,2.94439157
tsp_full_mh_25-25-25-25,122,pds2566,7643.0,7814.77783203125,2.24751841
tsp_full_mh_25-25-25-25,123,mlt2597,8071.0,8288.0380859375,2.68911022
tsp_full_mh_25-25-25-25,124,bch2762,8234.0,8435.8779296875,2.45176014
tsp_full_mh_25-25-25-25,125,irw2802,8423.0,8591.7939453125,2.00396468
tsp_full_mh_25-25-25-25,126,lsm2854,8014.0,8235.9375,2.76937235
tsp_full_mh_25-25-25-25,127,dbj2924,10128.0,10399.0478515625,2.67622286
tsp_full_mh_25-25-25-25,128,xva2993,8492.0,8695.8759765625,2.40080048
tsp_full_mh_25-25-25-25,129,pcb3038,137694.0,139255.25,1.13385478
tsp_full_mh_25-25-25-25,130,pia3056,8258.0,8411.7392578125,1.86170087
tsp_full_mh_25-25-25-25,131,dke3097,10539.0,10798.2841796875,2.46023512
tsp_full_mh_25-25-25-25,132,lsn3119,9114.0,9320.5869140625,2.26669864
tsp_full_mh_25-25-25-25,133,lta3140,9517.0,9741.1943359375,2.35572487
tsp_full_mh_25-25-25-25,134,portcgen-3162-3162,19198258.0,19315030.0,0.60824269
tsp_full_mh_25-25-25-25,135,portcgen-3162-31621,19017805.0,19658066.0,3.36663984
tsp_full_mh_25-25-25-25,136,portcgen-3162-31622,19547551.0,19764502.0,1.10986282
tsp_full_mh_25-25-25-25,137,portcgen-3162-31623,19108508.0,19516832.0,2.13687013
tsp_full_mh_25-25-25-25,138,portcgen-3162-31624,18864046.0,19433582.0,3.01916142
tsp_full_mh_25-25-25-25,139,fdp3256,10008.0,10186.5263671875,1.78383660
tsp_full_mh_25-25-25-25,140,beg3293,9772.0,10053.0673828125,2.87625238
tsp_full_mh_25-25-25-25,141,dhb3386,11137.0,11416.4287109375,2.50901240
tsp_full_mh_25-25-25-25,142,nu3496,96132.0,97175.6953125,1.08568979
tsp_full_mh_25-25-25-25,143,fjs3649,9272.0,9462.7294921875,2.05704802
tsp_full_mh_25-25-25-25,144,fjr3672,9601.0,9796.998046875,2.04143367
tsp_full_mh_25-25-25-25,145,dlb3694,10959.0,11194.998046875,2.15346333
tsp_full_mh_25-25-25-25,146,ltb3729,11821.0,12130.0966796875,2.61480991
tsp_full_mh_25-25-25-25,147,fl3795,28772.0,29094.45703125,1.12073207
tsp_full_mh_25-25-25-25,148,xqe3891,11995.0,12315.4267578125,2.67133604
tsp_full_mh_25-25-25-25,149,xua3937,11239.0,11505.3583984375,2.36994749
tsp_full_mh_25-25-25-25,150,dkc3938,12503.0,12833.3759765625,2.64237364
tsp_full_mh_25-25-25-25,151,dkf3954,12538.0,12879.4775390625,2.72354075
tsp_full_mh_25-25-25-25,152,bgb4355,12723.0,13041.22265625,2.50116055
tsp_full_mh_25-25-25-25,153,bgd4396,13009.0,13401.8818359375,3.02007715
tsp_full_mh_25-25-25-25,154,frv4410,10711.0,10997.28125,2.67277799
tsp_full_mh_25-25-25-25,155,fnl4461,182566.0,185926.359375,1.84062716
tsp_full_mh_25-25-25-25,156,bgf4475,13221.0,13540.1806640625,2.41419457
tsp_full_mh_25-25-25-25,157,ca4663,1290319.0,1300007.625,0.75087052
tsp_full_mh_25-25-25-25,158,xqd4966,15316.0,15744.873046875,2.80016353
tsp_full_mh_25-25-25-25,159,fqm5087,13029.0,13322.482421875,2.25253221
tsp_full_mh_25-25-25-25,160,fea5557,15445.0,15784.2646484375,2.19659857
tsp_full_mh_25-25-25-25,161,rl5915,565530.0,571212.8125,1.00486491
tsp_full_mh_25-25-25-25,162,rl5934,556045.0,562629.4375,1.18415551
tsp_full_mh_25-25-25-25,163,tz6117,394718.0,400546.53125,1.47663173
tsp_full_mh_25-25-25-25,164,xsc6880,21535.0,22200.474609375,3.09020018
tsp_full_mh_25-25-25-25,165,eg7146,172386.0,174716.9375,1.35216172
tsp_full_mh_25-25-25-25,166,bnd7168,21834.0,22434.509765625,2.75034243
tsp_full_mh_25-25-25-25,167,pla7397,23260728.0,23576188.0,1.35619143
tsp_full_mh_25-25-25-25,168,lap7454,19535.0,20154.302734375,3.17022132
tsp_full_mh_25-25-25-25,169,ym7663,238314.0,242735.796875,1.85544990
tsp_full_mh_25-25-25-25,170,pm8079,114855.0,115729.3515625,0.76126556
tsp_full_mh_25-25-25-25,171,ida8197,22338.0,22913.080078125,2.57444748
tsp_full_mh_25-25-25-25,172,ei8246,206171.0,209915.40625,1.81616534
tsp_full_mh_25-25-25-25,173,ar9152,837479.0,848781.5625,1.34959354
tsp_full_mh_25-25-25-25,174,dga9698,27724.0,28625.16796875,3.25049765
tsp_full_mh_25-25-25-25,175,ja9847,491924.0,503452.46875,2.34354672
tsp_full_mh_25-25-25-25,176,gr9882,300899.0,305498.0625,1.52844061
tsp_full_mh_25-25-25-25,177,kz9976,1061881.0,1080862.25,1.78751197
tsp_full_mh_25-25-25-25,178,portcgen-10000-10000,33001034.0,34445664.0,4.37752950
tsp_full_mh_25-25-25-25,179,portcgen-10000-100001,33186248.0,34184648.0,3.00847508
tsp_full_mh_25-25-25-25,180,portcgen-10000-100002,33155424.0,34115808.0,2.89661203
tsp_full_mh_25-25-25-25,181,xmc10150,28387.0,29245.673828125,3.02488402
tsp_full_mh_25-25-25-25,182,fi10639,520527.0,528252.1875,1.48410889
tsp_full_mh_25-25-25-25,183,rl11849,923288.0,936248.625,1.40374672
tsp_full_mh_25-25-25-25,184,usa13509,19982859.0,20362296.0,1.89881238
tsp_full_mh_25-25-25-25,185,xvb13584,37083.0,38323.95703125,3.34643106
tsp_full_mh_25-25-25-25,186,brd14051,469385.0,481269.09375,2.53184353
tsp_full_mh_25-25-25-25,187,mo14185,427377.0,435387.09375,1.87424540
tsp_full_mh_25-25-25-25,188,xrb14233,45462.0,47157.65625,3.72983206
tsp_full_mh_25-25-25-25,189,ho14473,177092.0,178317.28125,0.69188967
tsp_full_mh_25-25-25-25,190,d15112,1573084.0,1613945.5,2.59754088
tsp_full_mh_25-25-25-25,191,it16862,557315.0,570636.5625,2.39031113
tsp_full_mh_25-25-25-25,192,xia16928,52850.0,54431.0078125,2.99150012
tsp_full_mh_25-25-25-25,193,pjh17845,48092.0,49659.63671875,3.25966214
tsp_full_mh_25-25-25-25,194,d18512,645238.0,663851.6875,2.88477856
tsp_full_mh_25-25-25-25,195,frh19289,55798.0,57900.859375,3.76870027
tsp_full_mh_25-25-25-25,196,fnc19402,59287.0,61051.08984375,2.97550870
tsp_full_mh_25-25-25-25,197,ido21215,63517.0,65957.375,3.84208165
tsp_full_mh_25-25-25-25,198,fma21553,66527.0,68652.25,3.19456762
tsp_full_mh_25-25-25-25,199,vm22775,569288.0,583869.0,2.56126952
tsp_full_mh_25-25-25-25,200,lsb22777,60977.0,63435.875,4.03246306
tsp_full_mh_25-25-25-25,201,xrh24104,69294.0,72311.046875,4.35397996
tsp_full_mh_25-25-25-25,202,sw24978,855597.0,879109.0625,2.74803003
tsp_full_mh_25-25-25-25,203,bbz25234,69335.0,72353.0234375,4.35281378
tsp_full_mh_25-25-25-25,204,irx28268,72607.0,75621.5546875,4.15187886
tsp_full_mh_25-25-25-25,205,fyg28534,78562.0,82165.8359375,4.58725075
tsp_full_mh_25-25-25-25,206,icx28698,78087.0,81524.71875,4.40242134
tsp_full_mh_25-25-25-25,207,boa28924,79622.0,83093.9609375,4.36055479
tsp_full_mh_25-25-25-25,208,ird29514,80353.0,83900.71875,4.41516652
tsp_full_mh_25-25-25-25,209,pbh30440,88313.0,92428.578125,4.66021778
tsp_full_mh_25-25-25-25,210,portcgen-31623-31623,59545390.0,63585076.0,6.78421285
tsp_full_mh_25-25-25-25,211,portcgen-31623-316231,59293266.0,63347520.0,6.83762976
tsp_full_mh_25-25-25-25,212,xib32892,96757.0,100907.3125,4.28941834
tsp_full_mh_25-25-25-25,213,fry33203,97240.0,101853.203125,4.74414143
tsp_full_mh_25-25-25-25,214,bm33708,959289.0,993876.8125,3.60556751
tsp_full_mh_25-25-25-25,215,pla33810,66048945.0,68261736.0,3.35022914
tsp_full_mh_25-25-25-25,216,bby34656,99159.0,104323.2109375,5.20801030
tsp_full_mh_25-25-25-25,217,pba38478,108318.0,113894.796875,5.14854122
tsp_full_mh_25-25-25-25,218,ics39603,106819.0,112823.265625,5.62097157
tsp_full_mh_25-25-25-25,219,rbz43748,125183.0,132476.859375,5.82655742
tsp_full_mh_25-25-25-25,220,fht47608,125104.0,131619.609375,5.20815432
tsp_full_mh_25-25-25-25,221,fna52057,147789.0,157318.921875,6.44832963
tsp_full_mh_25-25-25-25,222,bna56769,158078.0,168910.125,6.85239249
tsp_full_mh_25-25-25-25,223,dan59296,165371.0,176684.609375,6.84135028
tsp_full_mh_25-25-25-25,224,ch71009,4566506.0,4809213.5,5.31494977
tsp_full_mh_25-25-25-25,225,pla85900,142382641.0,151123104.0,6.13871392
tsp_full_mh_25-25-25-25,226,portcgen-100000-100000,104617752.0,117501448.0,12.31501897
tsp_full_mh_25-25-25-25,227,portcgen-100000-1000001,105390777.0,118753968.0,12.67965887
tsp_full_mh_50-20-15-15,0,wi29,27603.0,27601.166015625,-0.00664415
tsp_full_mh_50-20-15-15,1,dj38,6656.0,6659.4384765625,0.05165980
tsp_full_mh_50-20-15-15,2,eil51,426.0,428.8717956542969,0.67413044
tsp_full_mh_50-20-15-15,3,berlin52,7542.0,7544.365234375,0.03136084
tsp_full_mh_50-20-15-15,4,st70,675.0,677.1095581054688,0.31252713
tsp_full_mh_50-20-15-15,5,eil76,538.0,544.3690185546875,1.18383245
tsp_full_mh_50-20-15-15,6,pr76,108159.0,108159.421875,0.00039005
tsp_full_mh_50-20-15-15,7,rat99,1211.0,1219.2432861328125,0.68070075
tsp_full_mh_50-20-15-15,8,kroA100,21282.0,21285.435546875,0.01614297
tsp_full_mh_50-20-15-15,9,kroB100,22141.0,22139.068359375,-0.00872427
tsp_full_mh_50-20-15-15,10,kroC100,20749.0,20750.7578125,0.00847179
tsp_full_mh_50-20-15-15,11,kroD100,21294.0,21294.287109375,0.00134831
tsp_full_mh_50-20-15-15,12,kroE100,22068.0,22119.892578125,0.23514853
tsp_full_mh_50-20-15-15,13,rd100,7910.0,7910.39404296875,0.00498158
tsp_full_mh_50-20-15-15,14,eil101,629.0,640.2115478515625,1.78244004
tsp_full_mh_50-20-15-15,15,lin105,14379.0,14382.9931640625,0.02777081
tsp_full_mh_50-20-15-15,16,pr107,44303.0,44301.67578125,-0.00298900
tsp_full_mh_50-20-15-15,17,pr124,59030.0,59030.7265625,0.00123084
tsp_full_mh_50-20-15-15,18,bier127,118282.0,118293.4609375,0.00968950
tsp_full_mh_50-20-15-15,19,ch130,6110.0,6110.7197265625,0.01177949
tsp_full_mh_50-20-15-15,20,xqf131,564.0,566.4210815429688,0.42926978
tsp_full_mh_50-20-15-15,21,pr136,96772.0,96860.8671875,0.09183151
tsp_full_mh_50-20-15-15,22,pr144,58537.0,58535.21875,-0.00304295
tsp_full_mh_50-20-15-15,23,ch150,6528.0,6530.900390625,0.04443000
tsp_full_mh_50-20-15-15,24,kroA150,26524.0,26524.859375,0.00323999
tsp_full_mh_50-20-15-15,25,kroB150,26130.0,26127.349609375,-0.01014309
tsp_full_mh_50-20-15-15,26,pr152,73682.0,73683.625,0.00220542
tsp_full_mh_50-20-15-15,27,u159,42080.0,42075.65234375,-0.01033188
tsp_full_mh_50-20-15-15,28,qa194,9352.0,9376.6435546875,0.26351106
tsp_full_mh_50-20-15-15,29,rat195,2323.0,2333.872802734375,0.46805005
tsp_full_mh_50-20-15-15,30,d198,15780.0,15812.1240234375,0.20357429
tsp_full_mh_50-20-15-15,31,kroA200,29368.0,29369.3984375,0.00476177
tsp_full_mh_50-20-15-15,32,kroB200,29437.0,29440.40234375,0.01155805
tsp_full_mh_50-20-15-15,33,ts225,126643.0,126645.921875,0.00230717
tsp_full_mh_50-20-15-15,34,tsp225,3916.0,3865.005615234375,-1.30220594
tsp_full_mh_50-20-15-15,35,pr226,80369.0,80370.234375,0.00153588
tsp_full_mh_50-20-15-15,36,xqg237,1019.0,1031.225830078125,1.19978705
tsp_full_mh_50-20-15-15,37,gil262,2378.0,2386.635498046875,0.36314121
tsp_full_mh_50-20-15-15,38,pr264,49135.0,49134.99609375,-0.00000795
tsp_full_mh_50-20-15-15,39,a280,2579.0,2586.769287109375,0.30125192
tsp_full_mh_50-20-15-15,40,pr299,48191.0,48286.75390625,0.19869666
tsp_full_mh_50-20-15-15,41,lin318,42029.0,42165.375,0.32447834
tsp_full_mh_50-20-15-15,42,pma343,1368.0,1388.3267822265625,1.48587589
tsp_full_mh_50-20-15-15,43,pka379,1332.0,1344.4102783203125,0.93170258
tsp_full_mh_50-20-15-15,44,bcl380,1621.0,1663.658203125,2.63159797
tsp_full_mh_50-20-15-15,45,pbl395,1281.0,1296.63916015625,1.22085559
tsp_full_mh_50-20-15-15,46,rd400,15281.0,15348.9599609375,0.44473504
tsp_full_mh_50-20-15-15,47,pbk411,1343.0,1362.5631103515625,1.45667240
tsp_full_mh_50-20-15-15,48,fl417,11861.0,11914.306640625,0.44942788
tsp_full_mh_50-20-15-15,49,pbn423,1365.0,1379.3690185546875,1.05267535
tsp_full_mh_50-20-15-15,50,pbm436,1443.0,1462.5125732421875,1.35222268
tsp_full_mh_50-20-15-15,51,pr439,107217.0,109296.3671875,1.93940064
tsp_full_mh_50-20-15-15,52,pcb442,50778.0,51066.0234375,0.56722092
tsp_full_mh_50-20-15-15,53,d493,35002.0,35130.78515625,0.36793656
tsp_full_mh_50-20-15-15,54,u574,36905.0,37072.10546875,0.45279899
tsp_full_mh_50-20-15-15,55,rat575,6773.0,6855.9482421875,1.22468983
tsp_full_mh_50-20-15-15,56,p654,34643.0,34646.83203125,0.01106149
tsp_full_mh_50-20-15-15,57,d657,48912.0,49040.703125,0.26313200
tsp_full_mh_50-20-15-15,58,xql662,2513.0,2570.08642578125,2.27164448
tsp_full_mh_50-20-15-15,59,rbx711,3115.0,3157.706787109375,1.37100440
tsp_full_mh_50-20-15-15,60,u724,41910.0,42167.421875,0.61422542
tsp_full_mh_50-20-15-15,61,uy734,79114.0,79487.5078125,0.47211342
tsp_full_mh_50-20-15-15,62,rbu737,3314.0,3365.990234375,1.56880611
tsp_full_mh_50-20-15-15,63,rat783,8806.0,8880.775390625,0.84914139
tsp_full_mh_50-20-15-15,64,dkg813,3199.0,3256.24169921875,1.78936228
tsp_full_mh_50-20-15-15,65,zi929,95345.0,95813.84375,0.49173397
tsp_full_mh_50-20-15-15,66,lim963,2789.0,2843.533447265625,1.95530467
tsp_full_mh_50-20-15-15,67,lu980,11340.0,11365.6748046875,0.22640921
tsp_full_mh_50-20-15-15,68,pbd984,2797.0,2847.04345703125,1.78918330
tsp_full_mh_50-20-15-15,69,portcgen-1000-1000,11387430.0,11413501.0,0.22894542
tsp_full_mh_50-20-15-15,70,portcgen-1000-10001,11376735.0,11411852.0,0.30867380
tsp_full_mh_50-20-15-15,71,portcgen-1000-10002,10855033.0,10997259.0,1.31023093
tsp_full_mh_50-20-15-15,72,portcgen-1000-10003,11886457.0,11920359.0,0.28521535
tsp_full_mh_50-20-15-15,73,portcgen-1000-10004,11499958.0,11566822.0,0.58142821
tsp_full_mh_50-20-15-15,74,portcgen-1000-10005,11394911.0,11423237.0,0.24858465
tsp_full_mh_50-20-15-15,75,portcgen-1000-10006,10166701.0,10205906.0,0.38562165
tsp_full_mh_50-20-15-15,76,portcgen-1000-10007,10664660.0,10711902.0,0.44297709
tsp_full_mh_50-20-15-15,77,portcgen-1000-10008,11605723.0,11688897.0,0.71666367
tsp_full_mh_50-20-15-15,78,portcgen-1000-10009,10906997.0,10962136.0,0.50553787
tsp_full_mh_50-20-15-15,79,dsj1000,18660188.0,18793260.0,0.71313322
tsp_full_mh_50-20-15-15,80,pr1002,259045.0,261978.609375,1.13247095
tsp_full_mh_50-20-15-15,81,u1060,224094.0,225969.953125,0.83712778
tsp_full_mh_50-20-15-15,82,xit1083,3558.0,3628.5498046875,1.98285005
tsp_full_mh_50-20-15-15,83,vm1084,239297.0,240869.890625,0.65729642
tsp_full_mh_50-20-15-15,84,pcb1173,56892.0,57386.72265625,0.86958211
tsp_full_mh_50-20-15-15,85,d1291,50801.0,51289.2421875,0.96108775
tsp_full_mh_50-20-15-15,86,rl1304,252948.0,257965.75,1.98370811
tsp_full_mh_50-20-15-15,87,rl1323,270199.0,272278.28125,0.76953699
tsp_full_mh_50-20-15-15,88,dka1376,4666.0,4758.24267578125,1.97691118
tsp_full_mh_50-20-15-15,89,nrw1379,56638.0,57345.74609375,1.24959584
tsp_full_mh_50-20-15-15,90,dca1389,5085.0,5176.15771484375,1.79267876
tsp_full_mh_50-20-15-15,91,fl1400,20127.0,20486.990234375,1.78859360
tsp_full_mh_50-20-15-15,92,u1432,152970.0,155241.890625,1.48518705
tsp_full_mh_50-20-15-15,93,dja1436,5257.0,5353.10546875,1.82814283
tsp_full_mh_50-20-15-15,94,icw1483,4416.0,4489.26513671875,1.65908371
tsp_full_mh_50-20-15-15,95,fra1488,4264.0,4346.86962890625,1.94347160
tsp_full_mh_50-20-15-15,96,fl1577,22249.0,22299.32421875,0.22618643
tsp_full_mh_50-20-15-15,97,rbv1583,5387.0,5488.19482421875,1.87850054
tsp_full_mh_50-20-15-15,98,rby1599,5533.0,5638.2998046875,1.90312316
tsp_full_mh_50-20-15-15,99,fnb1615,4956.0,5049.74609375,1.89156767
tsp_full_mh_50-20-15-15,100,rw1621,26051.0,26388.689453125,1.29626292
tsp_full_mh_50-20-15-15,101,d1655,62128.0,62983.390625,1.37681983
tsp_full_mh_50-20-15-15,102,vm1748,336556.0,339089.59375,0.75280005
tsp_full_mh_50-20-15-15,103,djc1785,6115.0,6212.84814453125,1.60013319
tsp_full_mh_50-20-15-15,104,u1817,57201.0,58298.00390625,1.91780547
tsp_full_mh_50-20-15-15,105,rl1889,316536.0,317814.71875,0.40397261
tsp_full_mh_50-20-15-15,106,dcc1911,6396.0,6544.42822265625,2.32064138
tsp_full_mh_50-20-15-15,107,dkd1973,6421.0,6532.43603515625,1.73549346
tsp_full_mh_50-20-15-15,108,mu1979,86891.0,87447.9375,0.64096109
tsp_full_mh_50-20-15-15,109,djb2036,6197.0,6359.6767578125,2.62508888
tsp_full_mh_50-20-15-15,110,dcb2086,6600.0,6783.54931640625,2.78105025
tsp_full_mh_50-20-15-15,111,d2103,80450.0,80877.75,0.53169671
tsp_full_mh_50-20-15-15,112,bva2144,6304.0,6463.1572265625,2.52470220
tsp_full_mh_50-20-15-15,113,u2152,64253.0,65804.3125,2.41438143
tsp_full_mh_50-20-15-15,114,xqc2175,6830.0,6992.34130859375,2.37688592
tsp_full_mh_50-20-15-15,115,bck2217,6764.0,6924.64453125,2.37499307
tsp_full_mh_50-20-15-15,116,xpr2308,7219.0,7387.78466796875,2.33806161
tsp_full_mh_50-20-15-15,117,u2319,234256.0,237478.6875,1.37571183
tsp_full_mh_50-20-15-15,118,ley2323,8352.0,8543.9052734375,2.29771640
tsp_full_mh_50-20-15-15,119,dea2382,8017.0,8188.4326171875,2.13836369
tsp_full_mh_50-20-15-15,120,pr2392,378032.0,381617.03125,0.94834068
tsp_full_mh_50-20-15-15,121,rbw2481,7724.0,7951.4248046875,2.94439157
tsp_full_mh_50-20-15-15,122,pds2566,7643.0,7814.77783203125,2.24751841
tsp_full_mh_50-20-15-15,123,mlt2597,8071.0,8288.0380859375,2.68911022
tsp_full_mh_50-20-15-15,124,bch2762,8234.0,8435.8779296875,2.45176014
tsp_full_mh_50-20-15-15,125,irw2802,8423.0,8591.7939453125,2.00396468
tsp_full_mh_50-20-15-15,126,lsm2854,8014.0,8235.986328125,2.76998163
tsp_full_mh_50-20-15-15,127,dbj2924,10128.0,10379.0712890625,2.47898192
tsp_full_mh_50-20-15-15,128,xva2993,8492.0,8713.3603515625,2.60669279
tsp_full_mh_50-20-15-15,129,pcb3038,137694.0,139255.25,1.13385478
tsp_full_mh_50-20-15-15,130,pia3056,8258.0,8411.7392578125,1.86170087
tsp_full_mh_50-20-15-15,131,dke3097,10539.0,10798.2841796875,2.46023512
tsp_full_mh_50-20-15-15,132,lsn3119,9114.0,9320.5869140625,2.26669864
tsp_full_mh_50-20-15-15,133,lta3140,9517.0,9741.1943359375,2.35572487
tsp_full_mh_50-20-15-15,134,portcgen-3162-3162,19198258.0,19315030.0,0.60824269
tsp_full_mh_50-20-15-15,135,portcgen-3162-31621,19017805.0,19654722.0,3.34905632
tsp_full_mh_50-20-15-15,136,portcgen-3162-31622,19547551.0,19764502.0,1.10986282
tsp_full_mh_50-20-15-15,137,portcgen-3162-31623,19108508.0,19516832.0,2.13687013
tsp_full_mh_50-20-15-15,138,portcgen-3162-31624,18864046.0,19433582.0,3.01916142
tsp_full_mh_50-20-15-15,139,fdp3256,10008.0,10186.5263671875,1.78383660
tsp_full_mh_50-20-15-15,140,beg3293,9772.0,10053.0673828125,2.87625238
tsp_full_mh_50-20-15-15,141,dhb3386,11137.0,11415.904296875,2.50430364
tsp_full_mh_50-20-15-15,142,nu3496,96132.0,97175.6953125,1.08568979
tsp_full_mh_50-20-15-15,143,fjs3649,9272.0,9462.7294921875,2.05704802
tsp_full_mh_50-20-15-15,144,fjr3672,9601.0,9796.998046875,2.04143367
tsp_full_mh_50-20-15-15,145,dlb3694,10959.0,11204.0712890625,2.23625595
tsp_full_mh_50-20-15-15,146,ltb3729,11821.0,12130.0966796875,2.61480991
tsp_full_mh_50-20-15-15,147,fl3795,28772.0,29094.45703125,1.12073207
tsp_full_mh_50-20-15-15,148,xqe3891,11995.0,12320.8837890625,2.71683025
tsp_full_mh_50-20-15-15,149,xua3937,11239.0,11505.3583984375,2.36994749
tsp_full_mh_50-20-15-15,150,dkc3938,12503.0,12834.828125,2.65398804
tsp_full_mh_50-20-15-15,151,dkf3954,12538.0,12879.4775390625,2.72354075
tsp_full_mh_50-20-15-15,152,bgb4355,12723.0,13041.9306640625,2.50672533
tsp_full_mh_50-20-15-15,153,bgd4396,13009.0,13401.8818359375,3.02007715
tsp_full_mh_50-20-15-15,154,frv4410,10711.0,10973.5625,2.45133508
tsp_full_mh_50-20-15-15,155,fnl4461,182566.0,185926.359375,1.84062716
tsp_full_mh_50-20-15-15,156,bgf4475,13221.0,13540.1865234375,2.41423889
tsp_full_mh_50-20-15-15,157,ca4663,1290319.0,1300001.625,0.75040552
tsp_full_mh_50-20-15-15,158,xqd4966,15316.0,15744.873046875,2.80016353
tsp_full_mh_50-20-15-15,159,fqm5087,13029.0,13322.482421875,2.25253221
tsp_full_mh_50-20-15-15,160,fea5557,15445.0,15784.2646484375,2.19659857
tsp_full_mh_50-20-15-15,161,rl5915,565530.0,571212.8125,1.00486491
tsp_full_mh_50-20-15-15,162,rl5934,556045.0,561748.8125,1.02578254
tsp_full_mh_50-20-15-15,163,tz6117,394718.0,399953.09375,1.32628706
tsp_full_mh_50-20-15-15,164,xsc6880,21535.0,22204.001953125,3.10657977
tsp_full_mh_50-20-15-15,165,eg7146,172386.0,174722.796875,1.35556070
tsp_full_mh_50-20-15-15,166,bnd7168,21834.0,22434.509765625,2.75034243
tsp_full_mh_50-20-15-15,167,pla7397,23260728.0,23585544.0,1.39641373
tsp_full_mh_50-20-15-15,168,lap7454,19535.0,20154.302734375,3.17022132
tsp_full_mh_50-20-15-15,169,ym7663,238314.0,242735.796875,1.85544990
tsp_full_mh_50-20-15-15,170,pm8079,114855.0,115729.3515625,0.76126556
tsp_full_mh_50-20-15-15,171,ida8197,22338.0,22911.603515625,2.56783739
tsp_full_mh_50-20-15-15,172,ei8246,206171.0,209915.40625,1.81616534
tsp_full_mh_50-20-15-15,173,ar9152,837479.0,848781.5625,1.34959354
tsp_full_mh_50-20-15-15,174,dga9698,27724.0,28625.16796875,3.25049765
tsp_full_mh_50-20-15-15,175,ja9847,491924.0,504016.75,2.45825575
tsp_full_mh_50-20-15-15,176,gr9882,300899.0,305498.0625,1.52844061
tsp_full_mh_50-20-15-15,177,kz9976,1061881.0,1079172.75,1.62840751
tsp_full_mh_50-20-15-15,178,portcgen-10000-10000,33001034.0,34470324.0,4.45225444
tsp_full_mh_50-20-15-15,179,portcgen-10000-100001,33186248.0,34184648.0,3.00847508
tsp_full_mh_50-20-15-15,180,portcgen-10000-100002,33155424.0,33926976.0,2.32707626
tsp_full_mh_50-20-15-15,181,xmc10150,28387.0,29245.673828125,3.02488402
tsp_full_mh_50-20-15-15,182,fi10639,520527.0,528304.375,1.49413479
tsp_full_mh_50-20-15-15,183,rl11849,923288.0,936248.625,1.40374672
tsp_full_mh_50-20-15-15,184,usa13509,19982859.0,20362296.0,1.89881238
tsp_full_mh_50-20-15-15,185,xvb13584,37083.0,38323.95703125,3.34643106
tsp_full_mh_50-20-15-15,186,brd14051,469385.0,481134.71875,2.50321564
tsp_full_mh_50-20-15-15,187,mo14185,427377.0,435404.71875,1.87836939
tsp_full_mh_50-20-15-15,188,xrb14233,45462.0,47157.65625,3.72983206
tsp_full_mh_50-20-15-15,189,ho14473,177092.0,178317.28125,0.69188967
tsp_full_mh_50-20-15-15,190,d15112,1573084.0,1613863.75,2.59234408
tsp_full_mh_50-20-15-15,191,it16862,557315.0,570678.375,2.39781362
tsp_full_mh_50-20-15-15,192,xia16928,52850.0,54431.0078125,2.99150012
tsp_full_mh_50-20-15-15,193,pjh17845,48092.0,49656.515625,3.25317231
tsp_full_mh_50-20-15-15,194,d18512,645238.0,663851.6875,2.88477856
tsp_full_mh_50-20-15-15,195,frh19289,55798.0,57900.859375,3.76870027
tsp_full_mh_50-20-15-15,196,fnc19402,59287.0,61051.08984375,2.97550870
tsp_full_mh_50-20-15-15,197,ido21215,63517.0,66000.8515625,3.91053035
tsp_full_mh_50-20-15-15,198,fma21553,66527.0,68652.25,3.19456762
tsp_full_mh_50-20-15-15,199,vm22775,569288.0,583831.0625,2.55460549
tsp_full_mh_50-20-15-15,200,lsb22777,60977.0,63435.875,4.03246306
tsp_full_mh_50-20-15-15,201,xrh24104,69294.0,72311.046875,4.35397996
tsp_full_mh_50-20-15-15,202,sw24978,855597.0,878603.25,2.68891195
tsp_full_mh_50-20-15-15,203,bbz25234,69335.0,72351.0,4.34989544
tsp_full_mh_50-20-15-15,204,irx28268,72607.0,75621.5546875,4.15187886
tsp_full_mh_50-20-15-15,205,fyg28534,78562.0,82119.125,4.52779334
tsp_full_mh_50-20-15-15,206,icx28698,78087.0,81558.046875,4.44510210
tsp_full_mh_50-20-15-15,207,boa28924,79622.0,83093.9609375,4.36055479
tsp_full_mh_50-20-15-15,208,ird29514,80353.0,83838.1015625,4.33723889
tsp_full_mh_50-20-15-15,209,pbh30440,88313.0,92428.578125,4.66021778
tsp_full_mh_50-20-15-15,210,portcgen-31623-31623,59545390.0,63585076.0,6.78421285
tsp_full_mh_50-20-15-15,211,portcgen-31623-316231,59293266.0,63376044.0,6.88573640
tsp_full_mh_50-20-15-15,212,xib32892,96757.0,100911.6796875,4.29393190
tsp_full_mh_50-20-15-15,213,fry33203,97240.0,101853.203125,4.74414143
tsp_full_mh_50-20-15-15,214,bm33708,959289.0,993841.75,3.60191246
tsp_full_mh_50-20-15-15,215,pla33810,66048945.0,68234984.0,3.30972584
tsp_full_mh_50-20-15-15,216,bby34656,99159.0,104321.6875,5.20647395
tsp_full_mh_50-20-15-15,217,pba38478,108318.0,113894.796875,5.14854122
tsp_full_mh_50-20-15-15,218,ics39603,106819.0,112892.0859375,5.68539861
tsp_full_mh_50-20-15-15,219,rbz43748,125183.0,132467.890625,5.81939291
tsp_full_mh_50-20-15-15,220,fht47608,125104.0,131619.609375,5.20815432
tsp_full_mh_50-20-15-15,221,fna52057,147789.0,157318.921875,6.44832963
tsp_full_mh_50-20-15-15,222,bna56769,158078.0,168998.28125,6.90816005
tsp_full_mh_50-20-15-15,223,dan59296,165371.0,176684.609375,6.84135028
tsp_full_mh_50-20-15-15,224,ch71009,4566506.0,4809213.5,5.31494977
tsp_full_mh_50-20-15-15,225,pla85900,142382641.0,151123104.0,6.13871392
tsp_full_mh_50-20-15-15,226,portcgen-100000-100000,104617752.0,117489624.0,12.30371687
tsp_full_mh_50-20-15-15,227,portcgen-100000-1000001,105390777.0,118753968.0,12.67965887
tsp_full_mh_70-10-10-10,0,wi29,27603.0,27601.166015625,-0.00664415
tsp_full_mh_70-10-10-10,1,dj38,6656.0,6659.4384765625,0.05165980
tsp_full_mh_70-10-10-10,2,eil51,426.0,428.9815979003906,0.69990561
tsp_full_mh_70-10-10-10,3,berlin52,7542.0,7544.365234375,0.03136084
tsp_full_mh_70-10-10-10,4,st70,675.0,677.1094970703125,0.31251808
tsp_full_mh_70-10-10-10,5,eil76,538.0,544.3690185546875,1.18383245
tsp_full_mh_70-10-10-10,6,pr76,108159.0,108159.421875,0.00039005
tsp_full_mh_70-10-10-10,7,rat99,1211.0,1219.2432861328125,0.68070075
tsp_full_mh_70-10-10-10,8,kroA100,21282.0,21285.435546875,0.01614297
tsp_full_mh_70-10-10-10,9,kroB100,22141.0,22139.068359375,-0.00872427
tsp_full_mh_70-10-10-10,10,kroC100,20749.0,20750.7578125,0.00847179
tsp_full_mh_70-10-10-10,11,kroD100,21294.0,21294.287109375,0.00134831
tsp_full_mh_70-10-10-10,12,kroE100,22068.0,22119.892578125,0.23514853
tsp_full_mh_70-10-10-10,13,rd100,7910.0,7910.39404296875,0.00498158
tsp_full_mh_70-10-10-10,14,eil101,629.0,640.2115478515625,1.78244004
tsp_full_mh_70-10-10-10,15,lin105,14379.0,14382.9931640625,0.02777081
tsp_full_mh_70-10-10-10,16,pr107,44303.0,44301.67578125,-0.00298900
tsp_full_mh_70-10-10-10,17,pr124,59030.0,59030.7265625,0.00123084
tsp_full_mh_70-10-10-10,18,bier127,118282.0,118293.4609375,0.00968950
tsp_full_mh_70-10-10-10,19,ch130,6110.0,6110.7197265625,0.01177949
tsp_full_mh_70-10-10-10,20,xqf131,564.0,566.4210815429688,0.42926978
tsp_full_mh_70-10-10-10,21,pr136,96772.0,96770.9140625,-0.00112216
tsp_full_mh_70-10-10-10,22,pr144,58537.0,58535.21875,-0.00304295
tsp_full_mh_70-10-10-10,23,ch150,6528.0,6530.900390625,0.04443000
tsp_full_mh_70-10-10-10,24,kroA150,26524.0,26524.859375,0.00323999
tsp_full_mh_70-10-10-10,25,kroB150,26130.0,26127.349609375,-0.01014309
tsp_full_mh_70-10-10-10,26,pr152,73682.0,73683.625,0.00220542
tsp_full_mh_70-10-10-10,27,u159,42080.0,42075.65234375,-0.01033188
tsp_full_mh_70-10-10-10,28,qa194,9352.0,9376.6435546875,0.26351106
tsp_full_mh_70-10-10-10,29,rat195,2323.0,2333.872802734375,0.46805005
tsp_full_mh_70-10-10-10,30,d198,15780.0,15812.1240234375,0.20357429
tsp_full_mh_70-10-10-10,31,kroA200,29368.0,29369.400390625,0.00476842
tsp_full_mh_70-10-10-10,32,kroB200,29437.0,29440.40234375,0.01155805
tsp_full_mh_70-10-10-10,33,ts225,126643.0,126645.921875,0.00230717
tsp_full_mh_70-10-10-10,34,tsp225,3916.0,3865.005615234375,-1.30220594
tsp_full_mh_70-10-10-10,35,pr226,80369.0,80370.234375,0.00153588
tsp_full_mh_70-10-10-10,36,xqg237,1019.0,1031.225830078125,1.19978705
tsp_full_mh_70-10-10-10,37,gil262,2378.0,2386.635498046875,0.36314121
tsp_full_mh_70-10-10-10,38,pr264,49135.0,49134.99609375,-0.00000795
tsp_full_mh_70-10-10-10,39,a280,2579.0,2586.769287109375,0.30125192
tsp_full_mh_70-10-10-10,40,pr299,48191.0,48286.75390625,0.19869666
tsp_full_mh_70-10-10-10,41,lin318,42029.0,42327.125,0.70933165
tsp_full_mh_70-10-10-10,42,pma343,1368.0,1388.3267822265625,1.48587589
tsp_full_mh_70-10-10-10,43,pka379,1332.0,1344.4102783203125,0.93170258
tsp_full_mh_70-10-10-10,44,bcl380,1621.0,1663.6578369140625,2.63157538
tsp_full_mh_70-10-10-10,45,pbl395,1281.0,1296.63916015625,1.22085559
tsp_full_mh_70-10-10-10,46,rd400,15281.0,15348.9599609375,0.44473504
tsp_full_mh_70-10-10-10,47,pbk411,1343.0,1362.5631103515625,1.45667240
tsp_full_mh_70-10-10-10,48,fl417,11861.0,11914.306640625,0.44942788
tsp_full_mh_70-10-10-10,49,pbn423,1365.0,1379.3690185546875,1.05267535
tsp_full_mh_70-10-10-10,50,pbm436,1443.0,1462.5125732421875,1.35222268
tsp_full_mh_70-10-10-10,51,pr439,107217.0,109296.3671875,1.93940064
tsp_full_mh_70-10-10-10,52,pcb442,50778.0,51070.796875,0.57662152
tsp_full_mh_70-10-10-10,53,d493,35002.0,35130.78515625,0.36793656
tsp_full_mh_70-10-10-10,54,u574,36905.0,37072.10546875,0.45279899
tsp_full_mh_70-10-10-10,55,rat575,6773.0,6855.9482421875,1.22468983
tsp_full_mh_70-10-10-10,56,p654,34643.0,34646.83203125,0.01106149
tsp_full_mh_70-10-10-10,57,d657,48912.0,49071.6953125,0.32649516
tsp_full_mh_70-10-10-10,58,xql662,2513.0,2570.08642578125,2.27164448
tsp_full_mh_70-10-10-10,59,rbx711,3115.0,3147.12353515625,1.03125314
tsp_full_mh_70-10-10-10,60,u724,41910.0,42167.421875,0.61422542
tsp_full_mh_70-10-10-10,61,uy734,79114.0,79487.5078125,0.47211342
tsp_full_mh_70-10-10-10,62,rbu737,3314.0,3365.990234375,1.56880611
tsp_full_mh_70-10-10-10,63,rat783,8806.0,8880.775390625,0.84914139
tsp_full_mh_70-10-10-10,64,dkg813,3199.0,3256.24169921875,1.78936228
tsp_full_mh_70-10-10-10,65,zi929,95345.0,95813.84375,0.49173397
tsp_full_mh_70-10-10-10,66,lim963,2789.0,2843.533447265625,1.95530467
tsp_full_mh_70-10-10-10,67,lu980,11340.0,11365.6748046875,0.22640921
tsp_full_mh_70-10-10-10,68,pbd984,2797.0,2841.520263671875,1.59171483
tsp_full_mh_70-10-10-10,69,portcgen-1000-1000,11387430.0,11413501.0,0.22894542
tsp_full_mh_70-10-10-10,70,portcgen-1000-10001,11376735.0,11411852.0,0.30867380
tsp_full_mh_70-10-10-10,71,portcgen-1000-10002,10855033.0,10997259.0,1.31023093
tsp_full_mh_70-10-10-10,72,portcgen-1000-10003,11886457.0,11920359.0,0.28521535
tsp_full_mh_70-10-10-10,73,portcgen-1000-10004,11499958.0,11566822.0,0.58142821
tsp_full_mh_70-10-10-10,74,portcgen-1000-10005,11394911.0,11424714.0,0.26154658
tsp_full_mh_70-10-10-10,75,portcgen-1000-10006,10166701.0,10205906.0,0.38562165
tsp_full_mh_70-10-10-10,76,portcgen-1000-10007,10664660.0,10711902.0,0.44297709
tsp_full_mh_70-10-10-10,77,portcgen-1000-10008,11605723.0,11688897.0,0.71666367
tsp_full_mh_70-10-10-10,78,portcgen-1000-10009,10906997.0,10962136.0,0.50553787
tsp_full_mh_70-10-10-10,79,dsj1000,18660188.0,18793260.0,0.71313322
tsp_full_mh_70-10-10-10,80,pr1002,259045.0,261978.609375,1.13247095
tsp_full_mh_70-10-10-10,81,u1060,224094.0,226239.546875,0.95743165
tsp_full_mh_70-10-10-10,82,xit1083,3558.0,3628.5498046875,1.98285005
tsp_full_mh_70-10-10-10,83,vm1084,239297.0,240869.890625,0.65729642
tsp_full_mh_70-10-10-10,84,pcb1173,56892.0,57324.1953125,0.75967678
tsp_full_mh_70-10-10-10,85,d1291,50801.0,51252.46875,0.88870052
tsp_full_mh_70-10-10-10,86,rl1304,252948.0,257965.75,1.98370811
tsp_full_mh_70-10-10-10,87,rl1323,270199.0,272278.28125,0.76953699
tsp_full_mh_70-10-10-10,88,dka1376,4666.0,4758.24267578125,1.97691118
tsp_full_mh_70-10-10-10,89,nrw1379,56638.0,57211.1953125,1.01203311
tsp_full_mh_70-10-10-10,90,dca1389,5085.0,5176.15771484375,1.79267876
tsp_full_mh_70-10-10-10,91,fl1400,20127.0,20486.990234375,1.78859360
tsp_full_mh_70-10-10-10,92,u1432,152970.0,155241.890625,1.48518705
tsp_full_mh_70-10-10-10,93,dja1436,5257.0,5353.10546875,1.82814283
tsp_full_mh_70-10-10-10,94,icw1483,4416.0,4489.26513671875,1.65908371
tsp_full_mh_70-10-10-10,95,fra1488,4264.0,4358.830078125,2.22396994
tsp_full_mh_70-10-10-10,96,fl1577,22249.0,22299.32421875,0.22618643
tsp_full_mh_70-10-10-10,97,rbv1583,5387.0,5488.19482421875,1.87850054
tsp_full_mh_70-10-10-10,98,rby1599,5533.0,5648.10595703125,2.08035346
tsp_full_mh_70-10-10-10,99,fnb1615,4956.0,5049.74609375,1.89156767
tsp_full_mh_70-10-10-10,100,rw1621,26051.0,26388.689453125,1.29626292
tsp_full_mh_70-10-10-10,101,d1655,62128.0,62954.5078125,1.33033063
tsp_full_mh_70-10-10-10,102,vm1748,336556.0,339089.59375,0.75280005
tsp_full_mh_70-10-10-10,103,djc1785,6115.0,6212.84814453125,1.60013319
tsp_full_mh_70-10-10-10,104,u1817,57201.0,58298.00390625,1.91780547
tsp_full_mh_70-10-10-10,105,rl1889,316536.0,317814.71875,0.40397261
tsp_full_mh_70-10-10-10,106,dcc1911,6396.0,6549.72900390625,2.40351788
tsp_full_mh_70-10-10-10,107,dkd1973,6421.0,6532.43603515625,1.73549346
tsp_full_mh_70-10-10-10,108,mu1979,86891.0,87448.25,0.64132074
tsp_full_mh_70-10-10-10,109,djb2036,6197.0,6359.6767578125,2.62508888
tsp_full_mh_70-10-10-10,110,dcb2086,6600.0,6783.54931640625,2.78105025
tsp_full_mh_70-10-10-10,111,d2103,80450.0,80877.75,0.53169671
tsp_full_mh_70-10-10-10,112,bva2144,6304.0,6463.1572265625,2.52470220
tsp_full_mh_70-10-10-10,113,u2152,64253.0,65780.171875,2.37681023
tsp_full_mh_70-10-10-10,114,xqc2175,6830.0,6992.34130859375,2.37688592
tsp_full_mh_70-10-10-10,115,bck2217,6764.0,6924.64453125,2.37499307
tsp_full_mh_70-10-10-10,116,xpr2308,7219.0,7387.78466796875,2.33806161
tsp_full_mh_70-10-10-10,117,u2319,234256.0,237478.6875,1.37571183
tsp_full_mh_70-10-10-10,118,ley2323,8352.0,8543.9052734375,2.29771640
tsp_full_mh_70-10-10-10,119,dea2382,8017.0,8188.4326171875,2.13836369
tsp_full_mh_70-10-10-10,120,pr2392,378032.0,381617.03125,0.94834068
tsp_full_mh_70-10-10-10,121,rbw2481,7724.0,7951.4248046875,2.94439157
tsp_full_mh_70-10-10-10,122,pds2566,7643.0,7814.77783203125,2.24751841
tsp_full_mh_70-10-10-10,123,mlt2597,8071.0,8288.0361328125,2.68908602
tsp_full_mh_70-10-10-10,124,bch2762,8234.0,8435.8779296875,2.45176014
tsp_full_mh_70-10-10-10,125,irw2802,8423.0,8591.7939453125,2.00396468
tsp_full_mh_70-10-10-10,126,lsm2854,8014.0,8235.9375,2.76937235
tsp_full_mh_70-10-10-10,127,dbj2924,10128.0,10379.0712890625,2.47898192
tsp_full_mh_70-10-10-10,128,xva2993,8492.0,8715.78125,2.63520078
tsp_full_mh_70-10-10-10,129,pcb3038,137694.0,139255.25,1.13385478
tsp_full_mh_70-10-10-10,130,pia3056,8258.0,8411.7392578125,1.86170087
tsp_full_mh_70-10-10-10,131,dke3097,10539.0,10798.2841796875,2.46023512
tsp_full_mh_70-10-10-10,132,lsn3119,9114.0,9320.5869140625,2.26669864
tsp_full_mh_70-10-10-10,133,lta3140,9517.0,9741.1943359375,2.35572487
tsp_full_mh_70-10-10-10,134,portcgen-3162-3162,19198258.0,19315030.0,0.60824269
tsp_full_mh_70-10-10-10,135,portcgen-3162-31621,19017805.0,19654722.0,3.34905632
tsp_full_mh_70-10-10-10,136,portcgen-3162-31622,19547551.0,19760602.0,1.08991147
tsp_full_mh_70-10-10-10,137,portcgen-3162-31623,19108508.0,19516832.0,2.13687013
tsp_full_mh_70-10-10-10,138,portcgen-3162-31624,18864046.0,19433582.0,3.01916142
tsp_full_mh_70-10-10-10,139,fdp3256,10008.0,10186.5263671875,1.78383660
tsp_full_mh_70-10-10-10,140,beg3293,9772.0,10058.52734375,2.93212591
tsp_full_mh_70-10-10-10,141,dhb3386,11137.0,11416.4287109375,2.50901240
tsp_full_mh_70-10-10-10,142,nu3496,96132.0,97175.6953125,1.08568979
tsp_full_mh_70-10-10-10,143,fjs3649,9272.0,9462.7978515625,2.05778528
tsp_full_mh_70-10-10-10,144,fjr3672,9601.0,9796.998046875,2.04143367
tsp_full_mh_70-10-10-10,145,dlb3694,10959.0,11204.0712890625,2.23625595
tsp_full_mh_70-10-10-10,146,ltb3729,11821.0,12130.0966796875,2.61480991
tsp_full_mh_70-10-10-10,147,fl3795,28772.0,29094.45703125,1.12073207
tsp_full_mh_70-10-10-10,148,xqe3891,11995.0,12320.8837890625,2.71683025
tsp_full_mh_70-10-10-10,149,xua3937,11239.0,11505.3583984375,2.36994749
tsp_full_mh_70-10-10-10,150,dkc3938,12503.0,12834.828125,2.65398804
tsp_full_mh_70-10-10-10,151,dkf3954,12538.0,12879.4775390625,2.72354075
tsp_full_mh_70-10-10-10,152,bgb4355,12723.0,13041.9306640625,2.50672533
tsp_full_mh_70-10-10-10,153,bgd4396,13009.0,13401.8818359375,3.02007715
tsp_full_mh_70-10-10-10,154,frv4410,10711.0,10973.5625,2.45133508
tsp_full_mh_70-10-10-10,155,fnl4461,182566.0,185926.359375,1.84062716
tsp_full_mh_70-10-10-10,156,bgf4475,13221.0,13540.1806640625,2.41419457
tsp_full_mh_70-10-10-10,157,ca4663,1290319.0,1300001.625,0.75040552
tsp_full_mh_70-10-10-10,158,xqd4966,15316.0,15744.873046875,2.80016353
tsp_full_mh_70-10-10-10,159,fqm5087,13029.0,13322.482421875,2.25253221
tsp_full_mh_70-10-10-10,160,fea5557,15445.0,15784.2646484375,2.19659857
tsp_full_mh_70-10-10-10,161,rl5915,565530.0,571212.8125,1.00486491
tsp_full_mh_70-10-10-10,162,rl5934,556045.0,561748.8125,1.02578254
tsp_full_mh_70-10-10-10,163,tz6117,394718.0,399953.09375,1.32628706
tsp_full_mh_70-10-10-10,164,xsc6880,21535.0,22204.001953125,3.10657977
tsp_full_mh_70-10-10-10,165,eg7146,172386.0,174722.796875,1.35556070
tsp_full_mh_70-10-10-10,166,bnd7168,21834.0,22434.509765625,2.75034243
tsp_full_mh_70-10-10-10,167,pla7397,23260728.0,23585544.0,1.39641373
tsp_full_mh_70-10-10-10,168,lap7454,19535.0,20154.302734375,3.17022132
tsp_full_mh_70-10-10-10,169,ym7663,238314.0,242735.796875,1.85544990
tsp_full_mh_70-10-10-10,170,pm8079,114855.0,115699.7890625,0.73552659
tsp_full_mh_70-10-10-10,171,ida8197,22338.0,22891.373046875,2.47727212
tsp_full_mh_70-10-10-10,172,ei8246,206171.0,209807.453125,1.76380438
tsp_full_mh_70-10-10-10,173,ar9152,837479.0,848781.5625,1.34959354
tsp_full_mh_70-10-10-10,174,dga9698,27724.0,28625.16796875,3.25049765
tsp_full_mh_70-10-10-10,175,ja9847,491924.0,504016.75,2.45825575
tsp_full_mh_70-10-10-10,176,gr9882,300899.0,305743.46875,1.60999829
tsp_full_mh_70-10-10-10,177,kz9976,1061881.0,1079172.75,1.62840751
tsp_full_mh_70-10-10-10,178,portcgen-10000-10000,33001034.0,34470324.0,4.45225444
tsp_full_mh_70-10-10-10,179,portcgen-10000-100001,33186248.0,34184648.0,3.00847508
tsp_full_mh_70-10-10-10,180,portcgen-10000-100002,33155424.0,33892700.0,2.22369649
tsp_full_mh_70-10-10-10,181,xmc10150,28387.0,29245.673828125,3.02488402
tsp_full_mh_70-10-10-10,182,fi10639,520527.0,528212.0,1.47638835
tsp_full_mh_70-10-10-10,183,rl11849,923288.0,936248.625,1.40374672
tsp_full_mh_70-10-10-10,184,usa13509,19982859.0,20362296.0,1.89881238
tsp_full_mh_70-10-10-10,185,xvb13584,37083.0,38323.95703125,3.34643106
tsp_full_mh_70-10-10-10,186,brd14051,469385.0,481058.0625,2.48688443
tsp_full_mh_70-10-10-10,187,mo14185,427377.0,435387.09375,1.87424540
tsp_full_mh_70-10-10-10,188,xrb14233,45462.0,47157.8203125,3.73019294
tsp_full_mh_70-10-10-10,189,ho14473,177092.0,178330.1875,0.69917755
tsp_full_mh_70-10-10-10,190,d15112,1573084.0,1613863.75,2.59234408
tsp_full_mh_70-10-10-10,191,it16862,557315.0,570551.4375,2.37503701
tsp_full_mh_70-10-10-10,192,xia16928,52850.0,54431.0078125,2.99150012
tsp_full_mh_70-10-10-10,193,pjh17845,48092.0,49656.515625,3.25317231
tsp_full_mh_70-10-10-10,194,d18512,645238.0,663851.6875,2.88477856
tsp_full_mh_70-10-10-10,195,frh19289,55798.0,57900.859375,3.76870027
tsp_full_mh_70-10-10-10,196,fnc19402,59287.0,61051.08984375,2.97550870
tsp_full_mh_70-10-10-10,197,ido21215,63517.0,65893.796875,3.74198541
tsp_full_mh_70-10-10-10,198,fma21553,66527.0,68652.25,3.19456762
tsp_full_mh_70-10-10-10,199,vm22775,569288.0,582780.25,2.37002185
tsp_full_mh_70-10-10-10,200,lsb22777,60977.0,63428.53515625,4.02042599
tsp_full_mh_70-10-10-10,201,xrh24104,69294.0,72311.046875,4.35397996
tsp_full_mh_70-10-10-10,202,sw24978,855597.0,878603.25,2.68891195
tsp_full_mh_70-10-10-10,203,bbz25234,69335.0,72398.046875,4.41774987
tsp_full_mh_70-10-10-10,204,irx28268,72607.0,75622.640625,4.15337450
tsp_full_mh_70-10-10-10,205,fyg28534,78562.0,82119.125,4.52779334
tsp_full_mh_70-10-10-10,206,icx28698,78087.0,81558.046875,4.44510210
tsp_full_mh_70-10-10-10,207,boa28924,79622.0,83122.640625,4.39657460
tsp_full_mh_70-10-10-10,208,ird29514,80353.0,83838.1015625,4.33723889
tsp_full_mh_70-10-10-10,209,pbh30440,88313.0,92428.578125,4.66021778
tsp_full_mh_70-10-10-10,210,portcgen-31623-31623,59545390.0,63585076.0,6.78421285
tsp_full_mh_70-10-10-10,211,portcgen-31623-316231,59293266.0,63380524.0,6.89329206
tsp_full_mh_70-10-10-10,212,xib32892,96757.0,100907.3125,4.28941834
tsp_full_mh_70-10-10-10,213,fry33203,97240.0,101853.203125,4.74414143
tsp_full_mh_70-10-10-10,214,bm33708,959289.0,993841.75,3.60191246
tsp_full_mh_70-10-10-10,215,pla33810,66048945.0,68258840.0,3.34584451
tsp_full_mh_70-10-10-10,216,bby34656,99159.0,104321.6875,5.20647395
tsp_full_mh_70-10-10-10,217,pba38478,108318.0,113894.796875,5.14854122
tsp_full_mh_70-10-10-10,218,ics39603,106819.0,112833.3359375,5.63039903
tsp_full_mh_70-10-10-10,219,rbz43748,125183.0,132467.890625,5.81939291
tsp_full_mh_70-10-10-10,220,fht47608,125104.0,131619.609375,5.20815432
tsp_full_mh_70-10-10-10,221,fna52057,147789.0,157318.921875,6.44832963
tsp_full_mh_70-10-10-10,222,bna56769,158078.0,168998.28125,6.90816005
tsp_full_mh_70-10-10-10,223,dan59296,165371.0,176684.609375,6.84135028
tsp_full_mh_70-10-10-10,224,ch71009,4566506.0,4809213.5,5.31494977
tsp_full_mh_70-10-10-10,225,pla85900,142382641.0,151123104.0,6.13871392
tsp_full_mh_70-10-10-10,226,portcgen-100000-100000,104617752.0,117481088.0,12.29555764
tsp_full_mh_70-10-10-10,227,portcgen-100000-1000001,105390777.0,118753968.0,12.67965887
tsp_full_mh_85-5-5-5,0,wi29,27603.0,27601.166015625,-0.00664415
tsp_full_mh_85-5-5-5,1,dj38,6656.0,6659.4384765625,0.05165980
tsp_full_mh_85-5-5-5,2,eil51,426.0,428.8717956542969,0.67413044
tsp_full_mh_85-5-5-5,3,berlin52,7542.0,7544.365234375,0.03136084
tsp_full_mh_85-5-5-5,4,st70,675.0,677.1095581054688,0.31252713
tsp_full_mh_85-5-5-5,5,eil76,538.0,544.3690185546875,1.18383245
tsp_full_mh_85-5-5-5,6,pr76,108159.0,108159.421875,0.00039005
tsp_full_mh_85-5-5-5,7,rat99,1211.0,1219.2432861328125,0.68070075
tsp_full_mh_85-5-5-5,8,kroA100,21282.0,21285.435546875,0.01614297
tsp_full_mh_85-5-5-5,9,kroB100,22141.0,22139.068359375,-0.00872427
tsp_full_mh_85-5-5-5,10,kroC100,20749.0,20750.7578125,0.00847179
tsp_full_mh_85-5-5-5,11,kroD100,21294.0,21294.287109375,0.00134831
tsp_full_mh_85-5-5-5,12,kroE100,22068.0,22119.892578125,0.23514853
tsp_full_mh_85-5-5-5,13,rd100,7910.0,7910.39404296875,0.00498158
tsp_full_mh_85-5-5-5,14,eil101,629.0,640.2115478515625,1.78244004
tsp_full_mh_85-5-5-5,15,lin105,14379.0,14382.9931640625,0.02777081
tsp_full_mh_85-5-5-5,16,pr107,44303.0,44301.67578125,-0.00298900
tsp_full_mh_85-5-5-5,17,pr124,59030.0,59030.7265625,0.00123084
tsp_full_mh_85-5-5-5,18,bier127,118282.0,118293.4609375,0.00968950
tsp_full_mh_85-5-5-5,19,ch130,6110.0,6110.7197265625,0.01177949
tsp_full_mh_85-5-5-5,20,xqf131,564.0,566.4210815429688,0.42926978
tsp_full_mh_85-5-5-5,21,pr136,96772.0,96785.875,0.01433782
tsp_full_mh_85-5-5-5,22,pr144,58537.0,58535.21875,-0.00304295
tsp_full_mh_85-5-5-5,23,ch150,6528.0,6530.900390625,0.04443000
tsp_full_mh_85-5-5-5,24,kroA150,26524.0,26524.859375,0.00323999
tsp_full_mh_85-5-5-5,25,kroB150,26130.0,26127.349609375,-0.01014309
tsp_full_mh_85-5-5-5,26,pr152,73682.0,73683.625,0.00220542
tsp_full_mh_85-5-5-5,27,u159,42080.0,42075.65234375,-0.01033188
tsp_full_mh_85-5-5-5,28,qa194,9352.0,9376.6435546875,0.26351106
tsp_full_mh_85-5-5-5,29,rat195,2323.0,2333.872802734375,0.46805005
tsp_full_mh_85-5-5-5,30,d198,15780.0,15812.1240234375,0.20357429
tsp_full_mh_85-5-5-5,31,kroA200,29368.0,29369.400390625,0.00476842
tsp_full_mh_85-5-5-5,32,kroB200,29437.0,29440.40234375,0.01155805
tsp_full_mh_85-5-5-5,33,ts225,126643.0,126645.921875,0.00230717
tsp_full_mh_85-5-5-5,34,tsp225,3916.0,3865.005615234375,-1.30220594
tsp_full_mh_85-5-5-5,35,pr226,80369.0,80370.234375,0.00153588
tsp_full_mh_85-5-5-5,36,xqg237,1019.0,1031.225830078125,1.19978705
tsp_full_mh_85-5-5-5,37,gil262,2378.0,2386.635498046875,0.36314121
tsp_full_mh_85-5-5-5,38,pr264,49135.0,49134.99609375,-0.00000795
tsp_full_mh_85-5-5-5,39,a280,2579.0,2586.769287109375,0.30125192
tsp_full_mh_85-5-5-5,40,pr299,48191.0,48286.75390625,0.19869666
tsp_full_mh_85-5-5-5,41,lin318,42029.0,42327.125,0.70933165
tsp_full_mh_85-5-5-5,42,pma343,1368.0,1388.3267822265625,1.48587589
tsp_full_mh_85-5-5-5,43,pka379,1332.0,1344.4102783203125,0.93170258
tsp_full_mh_85-5-5-5,44,bcl380,1621.0,1663.6578369140625,2.63157538
tsp_full_mh_85-5-5-5,45,pbl395,1281.0,1296.63916015625,1.22085559
tsp_full_mh_85-5-5-5,46,rd400,15281.0,15348.9599609375,0.44473504
tsp_full_mh_85-5-5-5,47,pbk411,1343.0,1362.5631103515625,1.45667240
tsp_full_mh_85-5-5-5,48,fl417,11861.0,11914.306640625,0.44942788
tsp_full_mh_85-5-5-5,49,pbn423,1365.0,1382.9385986328125,1.31418305
tsp_full_mh_85-5-5-5,50,pbm436,1443.0,1462.5125732421875,1.35222268
tsp_full_mh_85-5-5-5,51,pr439,107217.0,109296.3671875,1.93940064
tsp_full_mh_85-5-5-5,52,pcb442,50778.0,51070.796875,0.57662152
tsp_full_mh_85-5-5-5,53,d493,35002.0,35130.78515625,0.36793656
tsp_full_mh_85-5-5-5,54,u574,36905.0,37072.10546875,0.45279899
tsp_full_mh_85-5-5-5,55,rat575,6773.0,6875.87744140625,1.51893461
tsp_full_mh_85-5-5-5,56,p654,34643.0,34646.83203125,0.01106149
tsp_full_mh_85-5-5-5,57,d657,48912.0,49021.265625,0.22339227
tsp_full_mh_85-5-5-5,58,xql662,2513.0,2570.08642578125,2.27164448
tsp_full_mh_85-5-5-5,59,rbx711,3115.0,3157.706787109375,1.37100440
tsp_full_mh_85-5-5-5,60,u724,41910.0,42167.421875,0.61422542
tsp_full_mh_85-5-5-5,61,uy734,79114.0,79436.0546875,0.40707673
tsp_full_mh_85-5-5-5,62,rbu737,3314.0,3365.990234375,1.56880611
tsp_full_mh_85-5-5-5,63,rat783,8806.0,8880.775390625,0.84914139
tsp_full_mh_85-5-5-5,64,dkg813,3199.0,3256.24169921875,1.78936228
tsp_full_mh_85-5-5-5,65,zi929,95345.0,95813.84375,0.49173397
tsp_full_mh_85-5-5-5,66,lim963,2789.0,2844.298583984375,1.98273876
tsp_full_mh_85-5-5-5,67,lu980,11340.0,11365.6748046875,0.22640921
tsp_full_mh_85-5-5-5,68,pbd984,2797.0,2841.520263671875,1.59171483
tsp_full_mh_85-5-5-5,69,portcgen-1000-1000,11387430.0,11413501.0,0.22894542
tsp_full_mh_85-5-5-5,70,portcgen-1000-10001,11376735.0,11411852.0,0.30867380
tsp_full_mh_85-5-5-5,71,portcgen-1000-10002,10855033.0,10997259.0,1.31023093
tsp_full_mh_85-5-5-5,72,portcgen-1000-10003,11886457.0,11920359.0,0.28521535
tsp_full_mh_85-5-5-5,73,portcgen-1000-10004,11499958.0,11566822.0,0.58142821
tsp_full_mh_85-5-5-5,74,portcgen-1000-10005,11394911.0,11424714.0,0.26154658
tsp_full_mh_85-5-5-5,75,portcgen-1000-10006,10166701.0,10205906.0,0.38562165
tsp_full_mh_85-5-5-5,76,portcgen-1000-10007,10664660.0,10711902.0,0.44297709
tsp_full_mh_85-5-5-5,77,portcgen-1000-10008,11605723.0,11688897.0,0.71666367
tsp_full_mh_85-5-5-5,78,portcgen-1000-10009,10906997.0,10948381.0,0.37942616
tsp_full_mh_85-5-5-5,79,dsj1000,18660188.0,18793260.0,0.71313322
tsp_full_mh_85-5-5-5,80,pr1002,259045.0,261978.609375,1.13247095
tsp_full_mh_85-5-5-5,81,u1060,224094.0,226239.546875,0.95743165
tsp_full_mh_85-5-5-5,82,xit1083,3558.0,3628.5498046875,1.98285005
tsp_full_mh_85-5-5-5,83,vm1084,239297.0,240869.890625,0.65729642
tsp_full_mh_85-5-5-5,84,pcb1173,56892.0,57386.72265625,0.86958211
tsp_full_mh_85-5-5-5,85,d1291,50801.0,51289.2421875,0.96108775
tsp_full_mh_85-5-5-5,86,rl1304,252948.0,257965.75,1.98370811
tsp_full_mh_85-5-5-5,87,rl1323,270199.0,272278.28125,0.76953699
tsp_full_mh_85-5-5-5,88,dka1376,4666.0,4758.24267578125,1.97691118
tsp_full_mh_85-5-5-5,89,nrw1379,56638.0,57211.1953125,1.01203311
tsp_full_mh_85-5-5-5,90,dca1389,5085.0,5176.15771484375,1.79267876
tsp_full_mh_85-5-5-5,91,fl1400,20127.0,20486.9921875,1.78860331
tsp_full_mh_85-5-5-5,92,u1432,152970.0,155241.890625,1.48518705
tsp_full_mh_85-5-5-5,93,dja1436,5257.0,5353.10546875,1.82814283
tsp_full_mh_85-5-5-5,94,icw1483,4416.0,4489.26513671875,1.65908371
tsp_full_mh_85-5-5-5,95,fra1488,4264.0,4358.830078125,2.22396994
tsp_full_mh_85-5-5-5,96,fl1577,22249.0,22299.32421875,0.22618643
tsp_full_mh_85-5-5-5,97,rbv1583,5387.0,5488.19482421875,1.87850054
tsp_full_mh_85-5-5-5,98,rby1599,5533.0,5648.10595703125,2.08035346
tsp_full_mh_85-5-5-5,99,fnb1615,4956.0,5049.74609375,1.89156767
tsp_full_mh_85-5-5-5,100,rw1621,26051.0,26388.689453125,1.29626292
tsp_full_mh_85-5-5-5,101,d1655,62128.0,62970.5703125,1.35618451
tsp_full_mh_85-5-5-5,102,vm1748,336556.0,339089.59375,0.75280005
tsp_full_mh_85-5-5-5,103,djc1785,6115.0,6212.84814453125,1.60013319
tsp_full_mh_85-5-5-5,104,u1817,57201.0,58298.00390625,1.91780547
tsp_full_mh_85-5-5-5,105,rl1889,316536.0,317814.71875,0.40397261
tsp_full_mh_85-5-5-5,106,dcc1911,6396.0,6544.42822265625,2.32064138
tsp_full_mh_85-5-5-5,107,dkd1973,6421.0,6532.43603515625,1.73549346
tsp_full_mh_85-5-5-5,108,mu1979,86891.0,87448.25,0.64132074
tsp_full_mh_85-5-5-5,109,djb2036,6197.0,6359.6767578125,2.62508888
tsp_full_mh_85-5-5-5,110,dcb2086,6600.0,6783.54931640625,2.78105025
tsp_full_mh_85-5-5-5,111,d2103,80450.0,80877.75,0.53169671
tsp_full_mh_85-5-5-5,112,bva2144,6304.0,6463.1572265625,2.52470220
tsp_full_mh_85-5-5-5,113,u2152,64253.0,65780.171875,2.37681023
tsp_full_mh_85-5-5-5,114,xqc2175,6830.0,6992.34130859375,2.37688592
tsp_full_mh_85-5-5-5,115,bck2217,6764.0,6924.64453125,2.37499307
tsp_full_mh_85-5-5-5,116,xpr2308,7219.0,7387.78466796875,2.33806161
tsp_full_mh_85-5-5-5,117,u2319,234256.0,237478.6875,1.37571183
tsp_full_mh_85-5-5-5,118,ley2323,8352.0,8543.9052734375,2.29771640
tsp_full_mh_85-5-5-5,119,dea2382,8017.0,8188.4326171875,2.13836369
tsp_full_mh_85-5-5-5,120,pr2392,378032.0,381617.03125,0.94834068
tsp_full_mh_85-5-5-5,121,rbw2481,7724.0,7951.4248046875,2.94439157
tsp_full_mh_85-5-5-5,122,pds2566,7643.0,7814.77783203125,2.24751841
tsp_full_mh_85-5-5-5,123,mlt2597,8071.0,8288.0361328125,2.68908602
tsp_full_mh_85-5-5-5,124,bch2762,8234.0,8435.8779296875,2.45176014
tsp_full_mh_85-5-5-5,125,irw2802,8423.0,8591.7939453125,2.00396468
tsp_full_mh_85-5-5-5,126,lsm2854,8014.0,8235.9375,2.76937235
tsp_full_mh_85-5-5-5,127,dbj2924,10128.0,10378.994140625,2.47822019
tsp_full_mh_85-5-5-5,128,xva2993,8492.0,8717.64453125,2.65714238
tsp_full_mh_85-5-5-5,129,pcb3038,137694.0,139255.25,1.13385478
tsp_full_mh_85-5-5-5,130,pia3056,8258.0,8411.7392578125,1.86170087
tsp_full_mh_85-5-5-5,131,dke3097,10539.0,10798.2841796875,2.46023512
tsp_full_mh_85-5-5-5,132,lsn3119,9114.0,9320.5869140625,2.26669864
tsp_full_mh_85-5-5-5,133,lta3140,9517.0,9741.1943359375,2.35572487
tsp_full_mh_85-5-5-5,134,portcgen-3162-3162,19198258.0,19315030.0,0.60824269
tsp_full_mh_85-5-5-5,135,portcgen-3162-31621,19017805.0,19654722.0,3.34905632
tsp_full_mh_85-5-5-5,136,portcgen-3162-31622,19547551.0,19760602.0,1.08991147
tsp_full_mh_85-5-5-5,137,portcgen-3162-31623,19108508.0,19516832.0,2.13687013
tsp_full_mh_85-5-5-5,138,portcgen-3162-31624,18864046.0,19433582.0,3.01916142
tsp_full_mh_85-5-5-5,139,fdp3256,10008.0,10186.5263671875,1.78383660
tsp_full_mh_85-5-5-5,140,beg3293,9772.0,10058.52734375,2.93212591
tsp_full_mh_85-5-5-5,141,dhb3386,11137.0,11415.904296875,2.50430364
tsp_full_mh_85-5-5-5,142,nu3496,96132.0,97175.6953125,1.08568979
tsp_full_mh_85-5-5-5,143,fjs3649,9272.0,9457.109375,1.99643416
tsp_full_mh_85-5-5-5,144,fjr3672,9601.0,9796.998046875,2.04143367
tsp_full_mh_85-5-5-5,145,dlb3694,10959.0,11204.0712890625,2.23625595
tsp_full_mh_85-5-5-5,146,ltb3729,11821.0,12130.0966796875,2.61480991
tsp_full_mh_85-5-5-5,147,fl3795,28772.0,29094.45703125,1.12073207
tsp_full_mh_85-5-5-5,148,xqe3891,11995.0,12320.8837890625,2.71683025
tsp_full_mh_85-5-5-5,149,xua3937,11239.0,11535.86328125,2.64136739
tsp_full_mh_85-5-5-5,150,dkc3938,12503.0,12834.828125,2.65398804
tsp_full_mh_85-5-5-5,151,dkf3954,12538.0,12879.4775390625,2.72354075
tsp_full_mh_85-5-5-5,152,bgb4355,12723.0,13041.22265625,2.50116055
tsp_full_mh_85-5-5-5,153,bgd4396,13009.0,13401.8818359375,3.02007715
tsp_full_mh_85-5-5-5,154,frv4410,10711.0,10973.5625,2.45133508
tsp_full_mh_85-5-5-5,155,fnl4461,182566.0,185926.359375,1.84062716
tsp_full_mh_85-5-5-5,156,bgf4475,13221.0,13540.1865234375,2.41423889
tsp_full_mh_85-5-5-5,157,ca4663,1290319.0,1300001.625,0.75040552
tsp_full_mh_85-5-5-5,158,xqd4966,15316.0,15744.873046875,2.80016353
tsp_full_mh_85-5-5-5,159,fqm5087,13029.0,13322.482421875,2.25253221
tsp_full_mh_85-5-5-5,160,fea5557,15445.0,15784.2646484375,2.19659857
tsp_full_mh_85-5-5-5,161,rl5915,565530.0,571212.8125,1.00486491
tsp_full_mh_85-5-5-5,162,rl5934,556045.0,561748.8125,1.02578254
tsp_full_mh_85-5-5-5,163,tz6117,394718.0,399953.09375,1.32628706
tsp_full_mh_85-5-5-5,164,xsc6880,21535.0,22204.001953125,3.10657977
tsp_full_mh_85-5-5-5,165,eg7146,172386.0,174690.203125,1.33665328
tsp_full_mh_85-5-5-5,166,bnd7168,21834.0,22434.509765625,2.75034243
tsp_full_mh_85-5-5-5,167,pla7397,23260728.0,23585544.0,1.39641373
tsp_full_mh_85-5-5-5,168,lap7454,19535.0,20154.302734375,3.17022132
tsp_full_mh_85-5-5-5,169,ym7663,238314.0,242735.796875,1.85544990
tsp_full_mh_85-5-5-5,170,pm8079,114855.0,115729.3515625,0.76126556
tsp_full_mh_85-5-5-5,171,ida8197,22338.0,22891.373046875,2.47727212
tsp_full_mh_85-5-5-5,172,ei8246,206171.0,209915.40625,1.81616534
tsp_full_mh_85-5-5-5,173,ar9152,837479.0,848781.5625,1.34959354
tsp_full_mh_85-5-5-5,174,dga9698,27724.0,28625.16796875,3.25049765
tsp_full_mh_85-5-5-5,175,ja9847,491924.0,504016.75,2.45825575
tsp_full_mh_85-5-5-5,176,gr9882,300899.0,305743.46875,1.60999829
tsp_full_mh_85-5-5-5,177,kz9976,1061881.0,1079172.75,1.62840751
tsp_full_mh_85-5-5-5,178,portcgen-10000-10000,33001034.0,34445664.0,4.37752950
tsp_full_mh_85-5-5-5,179,portcgen-10000-100001,33186248.0,34184648.0,3.00847508
tsp_full_mh_85-5-5-5,180,portcgen-10000-100002,33155424.0,33892700.0,2.22369649
tsp_full_mh_85-5-5-5,181,xmc10150,28387.0,29245.673828125,3.02488402
tsp_full_mh_85-5-5-5,182,fi10639,520527.0,528304.375,1.49413479
tsp_full_mh_85-5-5-5,183,rl11849,923288.0,936248.625,1.40374672
tsp_full_mh_85-5-5-5,184,usa13509,19982859.0,20362938.0,1.90202513
tsp_full_mh_85-5-5-5,185,xvb13584,37083.0,38323.95703125,3.34643106
tsp_full_mh_85-5-5-5,186,brd14051,469385.0,480677.75,2.40586086
tsp_full_mh_85-5-5-5,187,mo14185,427377.0,435387.09375,1.87424540
tsp_full_mh_85-5-5-5,188,xrb14233,45462.0,47157.65625,3.72983206
tsp_full_mh_85-5-5-5,189,ho14473,177092.0,178317.28125,0.69188967
tsp_full_mh_85-5-5-5,190,d15112,1573084.0,1613863.75,2.59234408
tsp_full_mh_85-5-5-5,191,it16862,557315.0,570551.4375,2.37503701
tsp_full_mh_85-5-5-5,192,xia16928,52850.0,54471.36328125,3.06785862
tsp_full_mh_85-5-5-5,193,pjh17845,48092.0,49656.515625,3.25317231
tsp_full_mh_85-5-5-5,194,d18512,645238.0,663851.6875,2.88477856
tsp_full_mh_85-5-5-5,195,frh19289,55798.0,57900.859375,3.76870027
tsp_full_mh_85-5-5-5,196,fnc19402,59287.0,61051.08984375,2.97550870
tsp_full_mh_85-5-5-5,197,ido21215,63517.0,65893.796875,3.74198541
tsp_full_mh_85-5-5-5,198,fma21553,66527.0,68652.25,3.19456762
tsp_full_mh_85-5-5-5,199,vm22775,569288.0,582781.125,2.37017555
tsp_full_mh_85-5-5-5,200,lsb22777,60977.0,63435.875,4.03246306
tsp_full_mh_85-5-5-5,201,xrh24104,69294.0,72283.5234375,4.31426016
tsp_full_mh_85-5-5-5,202,sw24978,855597.0,878603.25,2.68891195
tsp_full_mh_85-5-5-5,203,bbz25234,69335.0,72353.0234375,4.35281378
tsp_full_mh_85-5-5-5,204,irx28268,72607.0,75622.640625,4.15337450
tsp_full_mh_85-5-5-5,205,fyg28534,78562.0,82119.125,4.52779334
tsp_full_mh_85-5-5-5,206,icx28698,78087.0,81558.046875,4.44510210
tsp_full_mh_85-5-5-5,207,boa28924,79622.0,83122.640625,4.39657460
tsp_full_mh_85-5-5-5,208,ird29514,80353.0,83900.71875,4.41516652
tsp_full_mh_85-5-5-5,209,pbh30440,88313.0,92428.578125,4.66021778
tsp_full_mh_85-5-5-5,210,portcgen-31623-31623,59545390.0,63585076.0,6.78421285
tsp_full_mh_85-5-5-5,211,portcgen-31623-316231,59293266.0,63376044.0,6.88573640
tsp_full_mh_85-5-5-5,212,xib32892,96757.0,100907.3125,4.28941834
tsp_full_mh_85-5-5-5,213,fry33203,97240.0,101853.203125,4.74414143
tsp_full_mh_85-5-5-5,214,bm33708,959289.0,993841.75,3.60191246
tsp_full_mh_85-5-5-5,215,pla33810,66048945.0,68258840.0,3.34584451
tsp_full_mh_85-5-5-5,216,bby34656,99159.0,104321.6875,5.20647395
tsp_full_mh_85-5-5-5,217,pba38478,108318.0,113894.796875,5.14854122
tsp_full_mh_85-5-5-5,218,ics39603,106819.0,112892.0859375,5.68539861
tsp_full_mh_85-5-5-5,219,rbz43748,125183.0,132467.890625,5.81939291
tsp_full_mh_85-5-5-5,220,fht47608,125104.0,131619.609375,5.20815432
tsp_full_mh_85-5-5-5,221,fna52057,147789.0,157318.921875,6.44832963
tsp_full_mh_85-5-5-5,222,bna56769,158078.0,168998.28125,6.90816005
tsp_full_mh_85-5-5-5,223,dan59296,165371.0,176684.609375,6.84135028
tsp_full_mh_85-5-5-5,224,ch71009,4566506.0,4809213.5,5.31494977
tsp_full_mh_85-5-5-5,225,pla85900,142382641.0,151123104.0,6.13871392
tsp_full_mh_85-5-5-5,226,portcgen-100000-100000,104617752.0,117489624.0,12.30371687
tsp_full_mh_85-5-5-5,227,portcgen-100000-1000001,105390777.0,118753968.0,12.67965887
tsp_full_mh_97-1-1-1,0,wi29,27603.0,27601.166015625,-0.00664415
tsp_full_mh_97-1-1-1,1,dj38,6656.0,6659.4384765625,0.05165980
tsp_full_mh_97-1-1-1,2,eil51,426.0,428.8717956542969,0.67413044
tsp_full_mh_97-1-1-1,3,berlin52,7542.0,7544.365234375,0.03136084
tsp_full_mh_97-1-1-1,4,st70,675.0,677.1094970703125,0.31251808
tsp_full_mh_97-1-1-1,5,eil76,538.0,544.3690185546875,1.18383245
tsp_full_mh_97-1-1-1,6,pr76,108159.0,108159.421875,0.00039005
tsp_full_mh_97-1-1-1,7,rat99,1211.0,1219.2432861328125,0.68070075
tsp_full_mh_97-1-1-1,8,kroA100,21282.0,21285.435546875,0.01614297
tsp_full_mh_97-1-1-1,9,kroB100,22141.0,22139.068359375,-0.00872427
tsp_full_mh_97-1-1-1,10,kroC100,20749.0,20750.7578125,0.00847179
tsp_full_mh_97-1-1-1,11,kroD100,21294.0,21294.287109375,0.00134831
tsp_full_mh_97-1-1-1,12,kroE100,22068.0,22119.892578125,0.23514853
tsp_full_mh_97-1-1-1,13,rd100,7910.0,7910.39404296875,0.00498158
tsp_full_mh_97-1-1-1,14,eil101,629.0,640.2115478515625,1.78244004
tsp_full_mh_97-1-1-1,15,lin105,14379.0,14382.9931640625,0.02777081
tsp_full_mh_97-1-1-1,16,pr107,44303.0,44301.67578125,-0.00298900
tsp_full_mh_97-1-1-1,17,pr124,59030.0,59030.7265625,0.00123084
tsp_full_mh_97-1-1-1,18,bier127,118282.0,118293.46875,0.00969611
tsp_full_mh_97-1-1-1,19,ch130,6110.0,6110.7197265625,0.01177949
tsp_full_mh_97-1-1-1,20,xqf131,564.0,566.4210815429688,0.42926978
tsp_full_mh_97-1-1-1,21,pr136,96772.0,96785.859375,0.01432168
tsp_full_mh_97-1-1-1,22,pr144,58537.0,58535.21875,-0.00304295
tsp_full_mh_97-1-1-1,23,ch150,6528.0,6530.900390625,0.04443000
tsp_full_mh_97-1-1-1,24,kroA150,26524.0,26524.859375,0.00323999
tsp_full_mh_97-1-1-1,25,kroB150,26130.0,26127.349609375,-0.01014309
tsp_full_mh_97-1-1-1,26,pr152,73682.0,73683.625,0.00220542
tsp_full_mh_97-1-1-1,27,u159,42080.0,42075.65234375,-0.01033188
tsp_full_mh_97-1-1-1,28,qa194,9352.0,9376.6435546875,0.26351106
tsp_full_mh_97-1-1-1,29,rat195,2323.0,2333.872802734375,0.46805005
tsp_full_mh_97-1-1-1,30,d198,15780.0,15812.1240234375,0.20357429
tsp_full_mh_97-1-1-1,31,kroA200,29368.0,29369.3984375,0.00476177
tsp_full_mh_97-1-1-1,32,kroB200,29437.0,29440.40234375,0.01155805
tsp_full_mh_97-1-1-1,33,ts225,126643.0,126645.921875,0.00230717
tsp_full_mh_97-1-1-1,34,tsp225,3916.0,3865.005615234375,-1.30220594
tsp_full_mh_97-1-1-1,35,pr226,80369.0,80370.234375,0.00153588
tsp_full_mh_97-1-1-1,36,xqg237,1019.0,1031.225830078125,1.19978705
tsp_full_mh_97-1-1-1,37,gil262,2378.0,2386.635498046875,0.36314121
tsp_full_mh_97-1-1-1,38,pr264,49135.0,49134.99609375,-0.00000795
tsp_full_mh_97-1-1-1,39,a280,2579.0,2586.769287109375,0.30125192
tsp_full_mh_97-1-1-1,40,pr299,48191.0,48286.75390625,0.19869666
tsp_full_mh_97-1-1-1,41,lin318,42029.0,42327.125,0.70933165
tsp_full_mh_97-1-1-1,42,pma343,1368.0,1388.3267822265625,1.48587589
tsp_full_mh_97-1-1-1,43,pka379,1332.0,1344.4102783203125,0.93170258
tsp_full_mh_97-1-1-1,44,bcl380,1621.0,1663.6578369140625,2.63157538
tsp_full_mh_97-1-1-1,45,pbl395,1281.0,1296.63916015625,1.22085559
tsp_full_mh_97-1-1-1,46,rd400,15281.0,15348.9599609375,0.44473504
tsp_full_mh_97-1-1-1,47,pbk411,1343.0,1362.5631103515625,1.45667240
tsp_full_mh_97-1-1-1,48,fl417,11861.0,11914.306640625,0.44942788
tsp_full_mh_97-1-1-1,49,pbn423,1365.0,1382.938720703125,1.31419199
tsp_full_mh_97-1-1-1,50,pbm436,1443.0,1462.5125732421875,1.35222268
tsp_full_mh_97-1-1-1,51,pr439,107217.0,109296.3671875,1.93940064
tsp_full_mh_97-1-1-1,52,pcb442,50778.0,51070.796875,0.57662152
tsp_full_mh_97-1-1-1,53,d493,35002.0,35130.78515625,0.36793656
tsp_full_mh_97-1-1-1,54,u574,36905.0,37071.765625,0.45187813
tsp_full_mh_97-1-1-1,55,rat575,6773.0,6875.87744140625,1.51893461
tsp_full_mh_97-1-1-1,56,p654,34643.0,34646.83203125,0.01106149
tsp_full_mh_97-1-1-1,57,d657,48912.0,49021.265625,0.22339227
tsp_full_mh_97-1-1-1,58,xql662,2513.0,2570.08642578125,2.27164448
tsp_full_mh_97-1-1-1,59,rbx711,3115.0,3147.12353515625,1.03125314
tsp_full_mh_97-1-1-1,60,u724,41910.0,42167.421875,0.61422542
tsp_full_mh_97-1-1-1,61,uy734,79114.0,79487.5078125,0.47211342
tsp_full_mh_97-1-1-1,62,rbu737,3314.0,3365.990234375,1.56880611
tsp_full_mh_97-1-1-1,63,rat783,8806.0,8880.775390625,0.84914139
tsp_full_mh_97-1-1-1,64,dkg813,3199.0,3256.24169921875,1.78936228
tsp_full_mh_97-1-1-1,65,zi929,95345.0,95810.2421875,0.48795657
tsp_full_mh_97-1-1-1,66,lim963,2789.0,2844.298583984375,1.98273876
tsp_full_mh_97-1-1-1,67,lu980,11340.0,11365.6748046875,0.22640921
tsp_full_mh_97-1-1-1,68,pbd984,2797.0,2841.520263671875,1.59171483
tsp_full_mh_97-1-1-1,69,portcgen-1000-1000,11387430.0,11413501.0,0.22894542
tsp_full_mh_97-1-1-1,70,portcgen-1000-10001,11376735.0,11411852.0,0.30867380
tsp_full_mh_97-1-1-1,71,portcgen-1000-10002,10855033.0,10997259.0,1.31023093
tsp_full_mh_97-1-1-1,72,portcgen-1000-10003,11886457.0,11920359.0,0.28521535
tsp_full_mh_97-1-1-1,73,portcgen-1000-10004,11499958.0,11566822.0,0.58142821
tsp_full_mh_97-1-1-1,74,portcgen-1000-10005,11394911.0,11424714.0,0.26154658
tsp_full_mh_97-1-1-1,75,portcgen-1000-10006,10166701.0,10205906.0,0.38562165
tsp_full_mh_97-1-1-1,76,portcgen-1000-10007,10664660.0,10711902.0,0.44297709
tsp_full_mh_97-1-1-1,77,portcgen-1000-10008,11605723.0,11688897.0,0.71666367
tsp_full_mh_97-1-1-1,78,portcgen-1000-10009,10906997.0,10948381.0,0.37942616
tsp_full_mh_97-1-1-1,79,dsj1000,18660188.0,18793260.0,0.71313322
tsp_full_mh_97-1-1-1,80,pr1002,259045.0,261978.609375,1.13247095
tsp_full_mh_97-1-1-1,81,u1060,224094.0,226239.546875,0.95743165
tsp_full_mh_97-1-1-1,82,xit1083,3558.0,3628.5498046875,1.98285005
tsp_full_mh_97-1-1-1,83,vm1084,239297.0,240869.890625,0.65729642
tsp_full_mh_97-1-1-1,84,pcb1173,56892.0,57324.1953125,0.75967678
tsp_full_mh_97-1-1-1,85,d1291,50801.0,51252.46875,0.88870052
tsp_full_mh_97-1-1-1,86,rl1304,252948.0,257965.75,1.98370811
tsp_full_mh_97-1-1-1,87,rl1323,270199.0,272278.28125,0.76953699
tsp_full_mh_97-1-1-1,88,dka1376,4666.0,4758.24267578125,1.97691118
tsp_full_mh_97-1-1-1,89,nrw1379,56638.0,57302.1328125,1.17259227
tsp_full_mh_97-1-1-1,90,dca1389,5085.0,5176.15771484375,1.79267876
tsp_full_mh_97-1-1-1,91,fl1400,20127.0,20486.9921875,1.78860331
tsp_full_mh_97-1-1-1,92,u1432,152970.0,155241.890625,1.48518705
tsp_full_mh_97-1-1-1,93,dja1436,5257.0,5353.10546875,1.82814283
tsp_full_mh_97-1-1-1,94,icw1483,4416.0,4489.26513671875,1.65908371
tsp_full_mh_97-1-1-1,95,fra1488,4264.0,4346.86962890625,1.94347160
tsp_full_mh_97-1-1-1,96,fl1577,22249.0,22299.32421875,0.22618643
tsp_full_mh_97-1-1-1,97,rbv1583,5387.0,5488.19482421875,1.87850054
tsp_full_mh_97-1-1-1,98,rby1599,5533.0,5648.10595703125,2.08035346
tsp_full_mh_97-1-1-1,99,fnb1615,4956.0,5049.74609375,1.89156767
tsp_full_mh_97-1-1-1,100,rw1621,26051.0,26388.689453125,1.29626292
tsp_full_mh_97-1-1-1,101,d1655,62128.0,62970.5703125,1.35618451
tsp_full_mh_97-1-1-1,102,vm1748,336556.0,339089.59375,0.75280005
tsp_full_mh_97-1-1-1,103,djc1785,6115.0,6212.84814453125,1.60013319
tsp_full_mh_97-1-1-1,104,u1817,57201.0,58298.00390625,1.91780547
tsp_full_mh_97-1-1-1,105,rl1889,316536.0,317814.71875,0.40397261
tsp_full_mh_97-1-1-1,106,dcc1911,6396.0,6549.72900390625,2.40351788
tsp_full_mh_97-1-1-1,107,dkd1973,6421.0,6532.43603515625,1.73549346
tsp_full_mh_97-1-1-1,108,mu1979,86891.0,87448.25,0.64132074
tsp_full_mh_97-1-1-1,109,djb2036,6197.0,6359.6767578125,2.62508888
tsp_full_mh_97-1-1-1,110,dcb2086,6600.0,6783.54931640625,2.78105025
tsp_full_mh_97-1-1-1,111,d2103,80450.0,80877.75,0.53169671
tsp_full_mh_97-1-1-1,112,bva2144,6304.0,6463.1572265625,2.52470220
tsp_full_mh_97-1-1-1,113,u2152,64253.0,65780.171875,2.37681023
tsp_full_mh_97-1-1-1,114,xqc2175,6830.0,6992.34130859375,2.37688592
tsp_full_mh_97-1-1-1,115,bck2217,6764.0,6924.64453125,2.37499307
tsp_full_mh_97-1-1-1,116,xpr2308,7219.0,7387.78466796875,2.33806161
tsp_full_mh_97-1-1-1,117,u2319,234256.0,237478.6875,1.37571183
tsp_full_mh_97-1-1-1,118,ley2323,8352.0,8543.9052734375,2.29771640
tsp_full_mh_97-1-1-1,119,dea2382,8017.0,8188.4326171875,2.13836369
tsp_full_mh_97-1-1-1,120,pr2392,378032.0,381617.03125,0.94834068
tsp_full_mh_97-1-1-1,121,rbw2481,7724.0,7951.4248046875,2.94439157
tsp_full_mh_97-1-1-1,122,pds2566,7643.0,7814.77783203125,2.24751841
tsp_full_mh_97-1-1-1,123,mlt2597,8071.0,8288.0361328125,2.68908602
tsp_full_mh_97-1-1-1,124,bch2762,8234.0,8435.8779296875,2.45176014
tsp_full_mh_97-1-1-1,125,irw2802,8423.0,8592.9697265625,2.01792386
tsp_full_mh_97-1-1-1,126,lsm2854,8014.0,8235.9375,2.76937235
tsp_full_mh_97-1-1-1,127,dbj2924,10128.0,10379.0712890625,2.47898192
tsp_full_mh_97-1-1-1,128,xva2993,8492.0,8718.0888671875,2.66237479
tsp_full_mh_97-1-1-1,129,pcb3038,137694.0,139255.25,1.13385478
tsp_full_mh_97-1-1-1,130,pia3056,8258.0,8411.7392578125,1.86170087
tsp_full_mh_97-1-1-1,131,dke3097,10539.0,10798.2841796875,2.46023512
tsp_full_mh_97-1-1-1,132,lsn3119,9114.0,9320.5869140625,2.26669864
tsp_full_mh_97-1-1-1,133,lta3140,9517.0,9741.1943359375,2.35572487
tsp_full_mh_97-1-1-1,134,portcgen-3162-3162,19198258.0,19315030.0,0.60824269
tsp_full_mh_97-1-1-1,135,portcgen-3162-31621,19017805.0,19654722.0,3.34905632
tsp_full_mh_97-1-1-1,136,portcgen-3162-31622,19547551.0,19760602.0,1.08991147
tsp_full_mh_97-1-1-1,137,portcgen-3162-31623,19108508.0,19516832.0,2.13687013
tsp_full_mh_97-1-1-1,138,portcgen-3162-31624,18864046.0,19418826.0,2.94093855
tsp_full_mh_97-1-1-1,139,fdp3256,10008.0,10186.5263671875,1.78383660
tsp_full_mh_97-1-1-1,140,beg3293,9772.0,10058.52734375,2.93212591
tsp_full_mh_97-1-1-1,141,dhb3386,11137.0,11415.904296875,2.50430364
tsp_full_mh_97-1-1-1,142,nu3496,96132.0,97175.6953125,1.08568979
tsp_full_mh_97-1-1-1,143,fjs3649,9272.0,9457.109375,1.99643416
tsp_full_mh_97-1-1-1,144,fjr3672,9601.0,9796.998046875,2.04143367
tsp_full_mh_97-1-1-1,145,dlb3694,10959.0,11204.0712890625,2.23625595
tsp_full_mh_97-1-1-1,146,ltb3729,11821.0,12130.0966796875,2.61480991
tsp_full_mh_97-1-1-1,147,fl3795,28772.0,29094.466796875,1.12076601
tsp_full_mh_97-1-1-1,148,xqe3891,11995.0,12320.8837890625,2.71683025
tsp_full_mh_97-1-1-1,149,xua3937,11239.0,11535.703125,2.63994239
tsp_full_mh_97-1-1-1,150,dkc3938,12503.0,12834.828125,2.65398804
tsp_full_mh_97-1-1-1,151,dkf3954,12538.0,12893.732421875,2.83723418
tsp_full_mh_97-1-1-1,152,bgb4355,12723.0,13041.22265625,2.50116055
tsp_full_mh_97-1-1-1,153,bgd4396,13009.0,13401.8818359375,3.02007715
tsp_full_mh_97-1-1-1,154,frv4410,10711.0,10973.5625,2.45133508
tsp_full_mh_97-1-1-1,155,fnl4461,182566.0,185926.359375,1.84062716
tsp_full_mh_97-1-1-1,156,bgf4475,13221.0,13540.1865234375,2.41423889
tsp_full_mh_97-1-1-1,157,ca4663,1290319.0,1300001.625,0.75040552
tsp_full_mh_97-1-1-1,158,xqd4966,15316.0,15744.873046875,2.80016353
tsp_full_mh_97-1-1-1,159,fqm5087,13029.0,13322.482421875,2.25253221
tsp_full_mh_97-1-1-1,160,fea5557,15445.0,15784.2646484375,2.19659857
tsp_full_mh_97-1-1-1,161,rl5915,565530.0,571212.8125,1.00486491
tsp_full_mh_97-1-1-1,162,rl5934,556045.0,562629.4375,1.18415551
tsp_full_mh_97-1-1-1,163,tz6117,394718.0,399953.09375,1.32628706
tsp_full_mh_97-1-1-1,164,xsc6880,21535.0,22204.001953125,3.10657977
tsp_full_mh_97-1-1-1,165,eg7146,172386.0,174664.734375,1.32187902
tsp_full_mh_97-1-1-1,166,bnd7168,21834.0,22434.509765625,2.75034243
tsp_full_mh_97-1-1-1,167,pla7397,23260728.0,23585544.0,1.39641373
tsp_full_mh_97-1-1-1,168,lap7454,19535.0,20154.302734375,3.17022132
tsp_full_mh_97-1-1-1,169,ym7663,238314.0,242735.796875,1.85544990
tsp_full_mh_97-1-1-1,170,pm8079,114855.0,115699.7890625,0.73552659
tsp_full_mh_97-1-1-1,171,ida8197,22338.0,22891.373046875,2.47727212
tsp_full_mh_97-1-1-1,172,ei8246,206171.0,209915.40625,1.81616534
tsp_full_mh_97-1-1-1,173,ar9152,837479.0,848781.5625,1.34959354
tsp_full_mh_97-1-1-1,174,dga9698,27724.0,28625.16796875,3.25049765
tsp_full_mh_97-1-1-1,175,ja9847,491924.0,504016.75,2.45825575
tsp_full_mh_97-1-1-1,176,gr9882,300899.0,305743.46875,1.60999829
tsp_full_mh_97-1-1-1,177,kz9976,1061881.0,1079190.25,1.63005553
tsp_full_mh_97-1-1-1,178,portcgen-10000-10000,33001034.0,34445664.0,4.37752950
tsp_full_mh_97-1-1-1,179,portcgen-10000-100001,33186248.0,34184648.0,3.00847508
tsp_full_mh_97-1-1-1,180,portcgen-10000-100002,33155424.0,33892700.0,2.22369649
tsp_full_mh_97-1-1-1,181,xmc10150,28387.0,29245.673828125,3.02488402
tsp_full_mh_97-1-1-1,182,fi10639,520527.0,528304.375,1.49413479
tsp_full_mh_97-1-1-1,183,rl11849,923288.0,936248.625,1.40374672
tsp_full_mh_97-1-1-1,184,usa13509,19982859.0,20362938.0,1.90202513
tsp_full_mh_97-1-1-1,185,xvb13584,37083.0,38313.1875,3.31738937
tsp_full_mh_97-1-1-1,186,brd14051,469385.0,481058.0625,2.48688443
tsp_full_mh_97-1-1-1,187,mo14185,427377.0,435387.09375,1.87424540
tsp_full_mh_97-1-1-1,188,xrb14233,45462.0,47157.65625,3.72983206
tsp_full_mh_97-1-1-1,189,ho14473,177092.0,178317.28125,0.69188967
tsp_full_mh_97-1-1-1,190,d15112,1573084.0,1613863.75,2.59234408
tsp_full_mh_97-1-1-1,191,it16862,557315.0,570551.4375,2.37503701
tsp_full_mh_97-1-1-1,192,xia16928,52850.0,54471.36328125,3.06785862
tsp_full_mh_97-1-1-1,193,pjh17845,48092.0,49656.515625,3.25317231
tsp_full_mh_97-1-1-1,194,d18512,645238.0,663851.6875,2.88477856
tsp_full_mh_97-1-1-1,195,frh19289,55798.0,57900.859375,3.76870027
tsp_full_mh_97-1-1-1,196,fnc19402,59287.0,61051.08984375,2.97550870
tsp_full_mh_97-1-1-1,197,ido21215,63517.0,65893.796875,3.74198541
tsp_full_mh_97-1-1-1,198,fma21553,66527.0,68652.25,3.19456762
tsp_full_mh_97-1-1-1,199,vm22775,569288.0,583625.0,2.51840896
tsp_full_mh_97-1-1-1,200,lsb22777,60977.0,63428.53515625,4.02042599
tsp_full_mh_97-1-1-1,201,xrh24104,69294.0,72283.5234375,4.31426016
tsp_full_mh_97-1-1-1,202,sw24978,855597.0,878603.25,2.68891195
tsp_full_mh_97-1-1-1,203,bbz25234,69335.0,72353.3125,4.35323069
tsp_full_mh_97-1-1-1,204,irx28268,72607.0,75622.640625,4.15337450
tsp_full_mh_97-1-1-1,205,fyg28534,78562.0,82119.125,4.52779334
tsp_full_mh_97-1-1-1,206,icx28698,78087.0,81558.046875,4.44510210
tsp_full_mh_97-1-1-1,207,boa28924,79622.0,83122.640625,4.39657460
tsp_full_mh_97-1-1-1,208,ird29514,80353.0,83900.71875,4.41516652
tsp_full_mh_97-1-1-1,209,pbh30440,88313.0,92428.578125,4.66021778
tsp_full_mh_97-1-1-1,210,portcgen-31623-31623,59545390.0,63585076.0,6.78421285
tsp_full_mh_97-1-1-1,211,portcgen-31623-316231,59293266.0,63376044.0,6.88573640
tsp_full_mh_97-1-1-1,212,xib32892,96757.0,100907.3125,4.28941834
tsp_full_mh_97-1-1-1,213,fry33203,97240.0,101853.203125,4.74414143
tsp_full_mh_97-1-1-1,214,bm33708,959289.0,993661.125,3.58308341
tsp_full_mh_97-1-1-1,215,pla33810,66048945.0,68258840.0,3.34584451
tsp_full_mh_97-1-1-1,216,bby34656,99159.0,104321.6875,5.20647395
tsp_full_mh_97-1-1-1,217,pba38478,108318.0,113894.796875,5.14854122
tsp_full_mh_97-1-1-1,218,ics39603,106819.0,112892.0859375,5.68539861
tsp_full_mh_97-1-1-1,219,rbz43748,125183.0,132467.890625,5.81939291
tsp_full_mh_97-1-1-1,220,fht47608,125104.0,131619.609375,5.20815432
tsp_full_mh_97-1-1-1,221,fna52057,147789.0,157318.921875,6.44832963
tsp_full_mh_97-1-1-1,222,bna56769,158078.0,168998.28125,6.90816005
tsp_full_mh_97-1-1-1,223,dan59296,165371.0,176684.609375,6.84135028
tsp_full_mh_97-1-1-1,224,ch71009,4566506.0,4809213.5,5.31494977
tsp_full_mh_97-1-1-1,225,pla85900,142382641.0,151123104.0,6.13871392
tsp_full_mh_97-1-1-1,226,portcgen-100000-100000,104617752.0,117481088.0,12.29555764
tsp_full_mh_97-1-1-1,227,portcgen-100000-1000001,105390777.0,118832288.0,12.75397277
tsp_full_single,0,wi29,27603.0,27601.166015625,-0.00664415
tsp_full_single,1,dj38,6656.0,6659.4384765625,0.05165980
tsp_full_single,2,eil51,426.0,428.9815979003906,0.69990561
tsp_full_single,3,berlin52,7542.0,7544.365234375,0.03136084
tsp_full_single,4,st70,675.0,677.1094970703125,0.31251808
tsp_full_single,5,eil76,538.0,544.3690185546875,1.18383245
tsp_full_single,6,pr76,108159.0,108159.421875,0.00039005
tsp_full_single,7,rat99,1211.0,1219.243408203125,0.68071083
tsp_full_single,8,kroA100,21282.0,21285.435546875,0.01614297
tsp_full_single,9,kroB100,22141.0,22197.326171875,0.25439760
tsp_full_single,10,kroC100,20749.0,20750.7578125,0.00847179
tsp_full_single,11,kroD100,21294.0,21294.287109375,0.00134831
tsp_full_single,12,kroE100,22068.0,22106.322265625,0.17365536
tsp_full_single,13,rd100,7910.0,7910.39404296875,0.00498158
tsp_full_single,14,eil101,629.0,640.21142578125,1.78242063
tsp_full_single,15,lin105,14379.0,14382.9931640625,0.02777081
tsp_full_single,16,pr107,44303.0,44301.67578125,-0.00298900
tsp_full_single,17,pr124,59030.0,59030.7265625,0.00123084
tsp_full_single,18,bier127,118282.0,118293.453125,0.00968290
tsp_full_single,19,ch130,6110.0,6110.7197265625,0.01177949
tsp_full_single,20,xqf131,564.0,568.3839111328125,0.77728921
tsp_full_single,21,pr136,96772.0,96770.90625,-0.00113023
tsp_full_single,22,pr144,58537.0,58535.21875,-0.00304295
tsp_full_single,23,ch150,6528.0,6533.8095703125,0.08899464
tsp_full_single,24,kroA150,26524.0,26524.859375,0.00323999
tsp_full_single,25,kroB150,26130.0,26127.703125,-0.00879018
tsp_full_single,26,pr152,73682.0,73683.625,0.00220542
tsp_full_single,27,u159,42080.0,42075.65234375,-0.01033188
tsp_full_single,28,qa194,9352.0,9376.6416015625,0.26349018
tsp_full_single,29,rat195,2323.0,2336.529541015625,0.58241675
tsp_full_single,30,d198,15780.0,15821.6591796875,0.26399987
tsp_full_single,31,kroA200,29368.0,29369.3984375,0.00476177
tsp_full_single,32,kroB200,29437.0,29440.400390625,0.01155142
tsp_full_single,33,ts225,126643.0,126645.921875,0.00230717
tsp_full_single,34,tsp225,3916.0,3859.0,-1.45556691
tsp_full_single,35,pr226,80369.0,80370.234375,0.00153588
tsp_full_single,36,xqg237,1019.0,1031.225830078125,1.19978705
tsp_full_single,37,gil262,2378.0,2386.73583984375,0.36736080
tsp_full_single,38,pr264,49135.0,49134.99609375,-0.00000795
tsp_full_single,39,a280,2579.0,2586.76904296875,0.30124246
tsp_full_single,40,pr299,48191.0,48227.98828125,0.07675350
tsp_full_single,41,lin318,42029.0,42302.40234375,0.65050880
tsp_full_single,42,pma343,1368.0,1387.5054931640625,1.42584014
tsp_full_single,43,pka379,1332.0,1344.410400390625,0.93171174
tsp_full_single,44,bcl380,1621.0,1663.6280517578125,2.62973792
tsp_full_single,45,pbl395,1281.0,1304.6331787109375,1.84490076
tsp_full_single,46,rd400,15281.0,15312.9033203125,0.20877770
tsp_full_single,47,pbk411,1343.0,1372.5869140625,2.20304647
tsp_full_single,48,fl417,11861.0,11914.3076171875,0.44943611
tsp_full_single,49,pbn423,1365.0,1393.42431640625,2.08236750
tsp_full_single,50,pbm436,1443.0,1461.92333984375,1.31138876
tsp_full_single,51,pr439,107217.0,109296.3828125,1.93941522
tsp_full_single,52,pcb442,50778.0,51062.2890625,0.55986660
tsp_full_single,53,d493,35002.0,35140.01953125,0.39431899
tsp_full_single,54,u574,36905.0,37051.671875,0.39743090
tsp_full_single,55,rat575,6773.0,6855.7353515625,1.22154661
tsp_full_single,56,p654,34643.0,34659.25,0.04690702
tsp_full_single,57,d657,48912.0,49180.828125,0.54961589
tsp_full_single,58,xql662,2513.0,2566.50390625,2.12908501
tsp_full_single,59,rbx711,3115.0,3157.731201171875,1.37178816
tsp_full_single,60,u724,41910.0,41995.7265625,0.20454918
tsp_full_single,61,uy734,79114.0,79739.765625,0.79096699
tsp_full_single,62,rbu737,3314.0,3370.17919921875,1.69520818
tsp_full_single,63,rat783,8806.0,8908.1435546875,1.15993135
tsp_full_single,64,dkg813,3199.0,3256.496826171875,1.79733749
tsp_full_single,65,zi929,95345.0,95806.96875,0.48452331
tsp_full_single,66,lim963,2789.0,2841.008544921875,1.86477393
tsp_full_single,67,lu980,11340.0,11371.341796875,0.27638269
tsp_full_single,68,pbd984,2797.0,2851.595703125,1.95193790
tsp_full_single,69,portcgen-1000-1000,11387430.0,11424759.0,0.32780882
tsp_full_single,70,portcgen-1000-10001,11376735.0,11415806.0,0.34342894
tsp_full_single,71,portcgen-1000-10002,10855033.0,10913364.0,0.53736364
tsp_full_single,72,portcgen-1000-10003,11886457.0,11923695.0,0.31328090
tsp_full_single,73,portcgen-1000-10004,11499958.0,11516880.0,0.14714836
tsp_full_single,74,portcgen-1000-10005,11394911.0,11420744.0,0.22670647
tsp_full_single,75,portcgen-1000-10006,10166701.0,10330682.0,1.61292242
tsp_full_single,76,portcgen-1000-10007,10664660.0,10696788.0,0.30125667
tsp_full_single,77,portcgen-1000-10008,11605723.0,11627781.0,0.19006140
tsp_full_single,78,portcgen-1000-10009,10906997.0,10960838.0,0.49363725
tsp_full_single,79,dsj1000,18660188.0,18795662.0,0.72600555
tsp_full_single,80,pr1002,259045.0,262244.125,1.23496883
tsp_full_single,81,u1060,224094.0,225251.59375,0.51656615
tsp_full_single,82,xit1083,3558.0,3644.52734375,2.43190961
tsp_full_single,83,vm1084,239297.0,239966.6875,0.27985620
tsp_full_single,84,pcb1173,56892.0,57710.23828125,1.43823083
tsp_full_single,85,d1291,50801.0,51387.76171875,1.15502002
tsp_full_single,86,rl1304,252948.0,255501.109375,1.00934159
tsp_full_single,87,rl1323,270199.0,272325.15625,0.78688531
tsp_full_single,88,dka1376,4666.0,4777.1796875,2.38276227
tsp_full_single,89,nrw1379,56638.0,57346.41015625,1.25076831
tsp_full_single,90,dca1389,5085.0,5191.26611328125,2.08979574
tsp_full_single,91,fl1400,20127.0,20607.9609375,2.38963053
tsp_full_single,92,u1432,152970.0,154477.5,0.98548735
tsp_full_single,93,dja1436,5257.0,5371.9287109375,2.18620337
tsp_full_single,94,icw1483,4416.0,4512.40576171875,2.18310149
tsp_full_single,95,fra1488,4264.0,4349.53369140625,2.00594961
tsp_full_single,96,fl1577,22249.0,22283.625,0.15562497
tsp_full_single,97,rbv1583,5387.0,5485.3037109375,1.82483221
tsp_full_single,98,rby1599,5533.0,5638.26025390625,1.90240835
tsp_full_single,99,fnb1615,4956.0,5073.76171875,2.37614445
tsp_full_single,100,rw1621,26051.0,26471.701171875,1.61491371
tsp_full_single,101,d1655,62128.0,63291.41796875,1.87261455
tsp_full_single,102,vm1748,336556.0,339391.03125,0.84236539
tsp_full_single,103,djc1785,6115.0,6245.1435546875,2.12826745
tsp_full_single,104,u1817,57201.0,58376.34375,2.05476084
tsp_full_single,105,rl1889,316536.0,318950.84375,0.76289703
tsp_full_single,106,dcc1911,6396.0,6548.83056640625,2.38947102
tsp_full_single,107,dkd1973,6421.0,6528.35205078125,1.67188990
tsp_full_single,108,mu1979,86891.0,87336.8671875,0.51313391
tsp_full_single,109,djb2036,6197.0,6403.9931640625,3.34021565
tsp_full_single,110,dcb2086,6600.0,6795.3115234375,2.95926551
tsp_full_single,111,d2103,80450.0,80891.75,0.54909882
tsp_full_single,112,bva2144,6304.0,6474.3037109375,2.70151826
tsp_full_single,113,u2152,64253.0,65983.0,2.69248128
tsp_full_single,114,xqc2175,6830.0,7007.4013671875,2.59738459
tsp_full_single,115,bck2217,6764.0,6960.9072265625,2.91110625
tsp_full_single,116,xpr2308,7219.0,7421.5498046875,2.80578757
tsp_full_single,117,u2319,234256.0,237598.703125,1.42694451
tsp_full_single,118,ley2323,8352.0,8568.4990234375,2.59218179
tsp_full_single,119,dea2382,8017.0,8163.3662109375,1.82569803
tsp_full_single,120,pr2392,378032.0,382222.375,1.10847098
tsp_full_single,121,rbw2481,7724.0,7973.12744140625,3.22536822
tsp_full_single,122,pds2566,7643.0,7832.39111328125,2.47796825
tsp_full_single,123,mlt2597,8071.0,8289.4453125,2.70654581
tsp_full_single,124,bch2762,8234.0,8490.103515625,3.11031717
tsp_full_single,125,irw2802,8423.0,8594.4033203125,2.03494385
tsp_full_single,126,lsm2854,8014.0,8218.9853515625,2.55784067
tsp_full_single,127,dbj2924,10128.0,10406.7978515625,2.75274340
tsp_full_single,128,xva2993,8492.0,8721.4404296875,2.70184208
tsp_full_single,129,pcb3038,137694.0,139530.234375,1.33356165
tsp_full_single,130,pia3056,8258.0,8450.703125,2.33353264
tsp_full_single,131,dke3097,10539.0,10787.0400390625,2.35354435
tsp_full_single,132,lsn3119,9114.0,9338.466796875,2.46287905
tsp_full_single,133,lta3140,9517.0,9737.806640625,2.32012862
tsp_full_single,134,portcgen-3162-3162,19198258.0,19339912.0,0.73784819
tsp_full_single,135,portcgen-3162-31621,19017805.0,19791218.0,4.06678373
tsp_full_single,136,portcgen-3162-31622,19547551.0,19758142.0,1.07732677
tsp_full_single,137,portcgen-3162-31623,19108508.0,19963050.0,4.47204983
tsp_full_single,138,portcgen-3162-31624,18864046.0,19626652.0,4.04264281
tsp_full_single,139,fdp3256,10008.0,10186.537109375,1.78394394
tsp_full_single,140,beg3293,9772.0,10027.025390625,2.60975635
tsp_full_single,141,dhb3386,11137.0,11407.4873046875,2.42872681
tsp_full_single,142,nu3496,96132.0,96513.6640625,0.39702083
tsp_full_single,143,fjs3649,9272.0,9467.7783203125,2.11150043
tsp_full_single,144,fjr3672,9601.0,9777.728515625,1.84073030
tsp_full_single,145,dlb3694,10959.0,11195.5703125,2.15868521
tsp_full_single,146,ltb3729,11821.0,12121.2734375,2.54016951
tsp_full_single,147,fl3795,28772.0,29322.298828125,1.91261931
tsp_full_single,148,xqe3891,11995.0,12357.0732421875,3.01853474
tsp_full_single,149,xua3937,11239.0,11540.15625,2.67956446
tsp_full_single,150,dkc3938,12503.0,12855.2451171875,2.81728479
tsp_full_single,151,dkf3954,12538.0,12906.5986328125,2.93985191
tsp_full_single,152,bgb4355,12723.0,13020.0205078125,2.33451629
tsp_full_single,153,bgd4396,13009.0,13363.638671875,2.72610248
tsp_full_single,154,frv4410,10711.0,10994.2021484375,2.64403089
tsp_full_single,155,fnl4461,182566.0,186211.796875,1.99697472
tsp_full_single,156,bgf4475,13221.0,13616.1181640625,2.98856489
tsp_full_single,157,ca4663,1290319.0,1299687.875,0.72608983
tsp_full_single,158,xqd4966,15316.0,15690.8984375,2.44775684
tsp_full_single,159,fqm5087,13029.0,13319.6044921875,2.23044357
tsp_full_single,160,fea5557,15445.0,15840.5849609375,2.56124934
tsp_full_single,161,rl5915,565530.0,571288.6875,1.01828152
tsp_full_single,162,rl5934,556045.0,567409.375,2.04378692
tsp_full_single,163,tz6117,394718.0,399748.59375,1.27447792
tsp_full_single,164,xsc6880,21535.0,22282.208984375,3.46974221
tsp_full_single,165,eg7146,172386.0,174713.296875,1.35004982
tsp_full_single,166,bnd7168,21834.0,22456.7890625,2.85238189
tsp_full_single,167,pla7397,23260728.0,23772200.0,2.19886497
tsp_full_single,168,lap7454,19535.0,20164.693359375,3.22341111
tsp_full_single,169,ym7663,238314.0,241443.3125,1.31310477
tsp_full_single,170,pm8079,114855.0,115773.8046875,0.79996925
tsp_full_single,171,ida8197,22338.0,22951.12109375,2.74474480
tsp_full_single,172,ei8246,206171.0,209871.28125,1.79476321
tsp_full_single,173,ar9152,837479.0,853322.0625,1.89175639
tsp_full_single,174,dga9698,27724.0,28589.26953125,3.12101259
tsp_full_single,175,ja9847,491924.0,504420.25,2.54028061
tsp_full_single,176,gr9882,300899.0,305286.90625,1.45826548
tsp_full_single,177,kz9976,1061881.0,1079086.75,1.62030868
tsp_full_single,178,portcgen-10000-10000,33001034.0,34562572.0,4.73178507
tsp_full_single,179,portcgen-10000-100001,33186248.0,34233912.0,3.15692211
tsp_full_single,180,portcgen-10000-100002,33155424.0,34560376.0,4.23747258
tsp_full_single,181,xmc10150,28387.0,29352.259765625,3.40035849
tsp_full_single,182,fi10639,520527.0,527802.1875,1.39765805
tsp_full_single,183,rl11849,923288.0,934810.25,1.24795838
tsp_full_single,184,usa13509,19982859.0,20388328.0,2.02908403
tsp_full_single,185,xvb13584,37083.0,38407.328125,3.57125401
tsp_full_single,186,brd14051,469385.0,480523.8125,2.37306529
tsp_full_single,187,mo14185,427377.0,434958.125,1.77387295
tsp_full_single,188,xrb14233,45462.0,47072.52734375,3.54257917
tsp_full_single,189,ho14473,177092.0,178201.84375,0.62670462
tsp_full_single,190,d15112,1573084.0,1611685.75,2.45388994
tsp_full_single,191,it16862,557315.0,571389.125,2.52534473
tsp_full_single,192,xia16928,52850.0,54641.125,3.38907285
tsp_full_single,193,pjh17845,48092.0,49691.61328125,3.32615254
tsp_full_single,194,d18512,645238.0,663422.125,2.81820429
tsp_full_single,195,frh19289,55798.0,57983.47265625,3.91675805
tsp_full_single,196,fnc19402,59287.0,61164.64453125,3.16704257
tsp_full_single,197,ido21215,63517.0,66131.265625,4.11585186
tsp_full_single,198,fma21553,66527.0,68686.6953125,3.24634406
tsp_full_single,199,vm22775,569288.0,584452.5,2.66376597
tsp_full_single,200,lsb22777,60977.0,63579.3046875,4.26768238
tsp_full_single,201,xrh24104,69294.0,72434.4453125,4.53205950
tsp_full_single,202,sw24978,855597.0,879168.875,2.75502076
tsp_full_single,203,bbz25234,69335.0,72277.78125,4.24429401
tsp_full_single,204,irx28268,72607.0,75679.09375,4.23112613
tsp_full_single,205,fyg28534,78562.0,82075.6875,4.47250261
tsp_full_single,206,icx28698,78087.0,81397.0546875,4.23893182
tsp_full_single,207,boa28924,79622.0,83170.0,4.45605486
tsp_full_single,208,ird29514,80353.0,83634.4765625,4.08382582
tsp_full_single,209,pbh30440,88313.0,92463.953125,4.70027417
tsp_full_single,210,portcgen-31623-31623,59545390.0,63550736.0,6.72654256
tsp_full_single,211,portcgen-31623-316231,59293266.0,63831528.0,7.65392482
tsp_full_single,212,xib32892,96757.0,100911.8203125,4.29407724
tsp_full_single,213,fry33203,97240.0,101563.5,4.44621555
tsp_full_single,214,bm33708,959289.0,995287.0,3.75257091
tsp_full_single,215,pla33810,66048945.0,68204488.0,3.26355402
tsp_full_single,216,bby34656,99159.0,104635.6171875,5.52306617
tsp_full_single,217,pba38478,108318.0,114061.625,5.30255821
tsp_full_single,218,ics39603,106819.0,112682.890625,5.48955769
tsp_full_single,219,rbz43748,125183.0,132861.96875,6.13419454
tsp_full_single,220,fht47608,125104.0,131626.25,5.21346240
tsp_full_single,221,fna52057,147789.0,157614.4375,6.64828742
tsp_full_single,222,bna56769,158078.0,169138.84375,6.99707976
tsp_full_single,223,dan59296,165371.0,176803.890625,6.91347977
tsp_full_single,224,ch71009,4566506.0,4811500.5,5.36503182
tsp_full_single,225,pla85900,142382641.0,151238704.0,6.21990359
tsp_full_single,226,portcgen-100000-100000,104617752.0,118064688.0,12.85339796
tsp_full_single,227,portcgen-100000-1000001,105390777.0,118988776.0,12.90245635
